customer_id,name,age,region,segment,income,tenure_months,churned
C10000,Customer_1,59,North,Premium,220425,8,1
C10001,Customer_2,49,North,Business,51762,60,0
C10002,Customer_3,35,Central,Premium,169355,71,0
C10003,Customer_4,63,Central,Premium,219994,30,0
C10004,Customer_5,28,West,Standard,195492,64,0
C10005,Customer_6,41,East,Standard,80568,43,0
C10006,Customer_7,59,North,Standard,110090,71,0
C10007,Customer_8,39,East,Premium,45219,84,0
C10008,Customer_9,43,East,Standard,82169,92,0
C10009,Customer_10,31,Central,Premium,99965,86,0
C10010,Customer_11,31,West,Business,202912,43,0
C10011,Customer_12,44,South,Premium,200767,51,0
C10012,Customer_13,56,West,Standard,109754,93,0
C10013,Customer_14,60,West,Standard,102988,51,0
C10014,Customer_15,44,East,Standard,214414,78,0
C10015,Customer_16,23,West,Premium,175023,73,0
C10016,Customer_17,42,North,Premium,157379,5,1
C10017,Customer_18,22,East,Business,105388,12,0
C10018,Customer_19,44,North,Standard,115768,100,1
C10019,Customer_20,64,South,Business,60428,91,0
C10020,Customer_21,50,East,Premium,117021,37,0
C10021,Customer_22,58,South,Standard,143418,82,0
C10022,Customer_23,22,East,Premium,231846,4,0
C10023,Customer_24,41,Central,Standard,195047,26,0
C10024,Customer_25,53,West,Standard,157212,76,0
C10025,Customer_26,32,Central,Premium,180914,40,0
C10026,Customer_27,42,South,Standard,51421,24,0
C10027,Customer_28,64,West,Premium,26708,28,0
C10028,Customer_29,45,East,Premium,159702,45,0
C10029,Customer_30,69,West,Standard,175667,57,0
C10030,Customer_31,47,North,Standard,101021,41,0
C10031,Customer_32,62,West,Standard,184380,93,0
C10032,Customer_33,48,North,Standard,69789,31,0
C10033,Customer_34,36,West,Standard,211762,113,0
C10034,Customer_35,35,North,Standard,51086,104,0
C10035,Customer_36,67,South,Standard,41859,22,0
C10036,Customer_37,64,Central,Standard,32684,93,1
C10037,Customer_38,23,East,Standard,116088,43,0
C10038,Customer_39,57,West,Premium,157279,56,0
C10039,Customer_40,27,Central,Premium,71099,22,0
C10040,Customer_41,41,East,Standard,223568,110,0
C10041,Customer_42,29,East,Standard,91093,21,0
C10042,Customer_43,59,North,Business,185761,86,0
C10043,Customer_44,38,South,Premium,73651,101,0
C10044,Customer_45,24,South,Business,38893,113,1
C10045,Customer_46,45,Central,Premium,91418,68,0
C10046,Customer_47,34,South,Standard,150074,32,0
C10047,Customer_48,70,West,Standard,128065,55,0
C10048,Customer_49,29,South,Standard,155351,36,0
C10049,Customer_50,46,Central,Standard,216083,24,1
C10050,Customer_51,22,South,Standard,63635,69,0
C10051,Customer_52,40,West,Standard,212187,8,0
C10052,Customer_53,48,North,Standard,120071,81,0
C10053,Customer_54,67,Central,Premium,234477,29,0
C10054,Customer_55,27,North,Premium,228774,12,0
C10055,Customer_56,64,North,Standard,103518,75,0
C10056,Customer_57,28,North,Premium,131233,99,0
C10057,Customer_58,67,East,Standard,128651,98,0
C10058,Customer_59,55,East,Premium,97805,50,1
C10059,Customer_60,34,North,Standard,215026,72,0
C10060,Customer_61,37,Central,Business,184136,107,0
C10061,Customer_62,56,West,Premium,147813,61,0
C10062,Customer_63,70,West,Standard,104063,102,0
C10063,Customer_64,60,South,Standard,27454,61,0
C10064,Customer_65,24,Central,Standard,45878,4,0
C10065,Customer_66,22,East,Standard,207170,31,0
C10066,Customer_67,26,North,Standard,218226,70,0
C10067,Customer_68,62,South,Premium,169063,67,0
C10068,Customer_69,24,West,Standard,93344,85,0
C10069,Customer_70,49,East,Premium,129946,28,0
C10070,Customer_71,38,East,Business,61593,91,0
C10071,Customer_72,46,North,Standard,61304,12,1
C10072,Customer_73,64,West,Standard,186458,55,0
C10073,Customer_74,54,Central,Standard,211292,81,0
C10074,Customer_75,30,East,Premium,138613,61,0
C10075,Customer_76,56,North,Standard,225410,24,0
C10076,Customer_77,34,Central,Business,177155,53,0
C10077,Customer_78,51,West,Premium,43354,50,1
C10078,Customer_79,68,East,Standard,47190,23,0
C10079,Customer_80,35,Central,Standard,31142,24,0
C10080,Customer_81,28,Central,Premium,184470,102,0
C10081,Customer_82,34,Central,Premium,208043,100,0
C10082,Customer_83,43,East,Standard,66862,32,0
C10083,Customer_84,60,East,Standard,209482,27,0
C10084,Customer_85,41,South,Premium,175575,111,0
C10085,Customer_86,36,West,Standard,150438,30,1
C10086,Customer_87,65,North,Business,73456,67,0
C10087,Customer_88,38,Central,Standard,125167,115,0
C10088,Customer_89,67,South,Standard,107035,47,0
C10089,Customer_90,44,North,Premium,33016,70,0
C10090,Customer_91,46,South,Standard,27384,9,1
C10091,Customer_92,45,East,Standard,218392,51,0
C10092,Customer_93,65,Central,Standard,171144,11,0
C10093,Customer_94,61,North,Standard,127239,38,0
C10094,Customer_95,49,North,Premium,136431,85,1
C10095,Customer_96,35,North,Standard,105018,3,1
C10096,Customer_97,65,North,Standard,65510,12,0
C10097,Customer_98,21,North,Premium,205005,38,0
C10098,Customer_99,45,South,Premium,46826,75,1
C10099,Customer_100,27,Central,Standard,93026,111,0
C10100,Customer_101,29,East,Standard,146668,48,0
C10101,Customer_102,44,East,Business,181590,108,0
C10102,Customer_103,21,East,Premium,49045,34,0
C10103,Customer_104,64,East,Standard,206948,34,0
C10104,Customer_105,28,South,Standard,248518,8,0
C10105,Customer_106,44,West,Standard,115102,50,0
C10106,Customer_107,31,Central,Premium,76919,40,0
C10107,Customer_108,37,North,Premium,124441,19,1
C10108,Customer_109,28,West,Premium,183175,76,0
C10109,Customer_110,55,East,Premium,192260,116,0
C10110,Customer_111,55,West,Premium,161917,29,0
C10111,Customer_112,53,Central,Standard,242770,56,0
C10112,Customer_113,25,North,Standard,192746,52,0
C10113,Customer_114,62,North,Standard,143325,37,1
C10114,Customer_115,59,Central,Standard,44337,118,0
C10115,Customer_116,61,Central,Premium,178385,87,0
C10116,Customer_117,48,East,Standard,183015,27,0
C10117,Customer_118,27,North,Standard,102949,30,1
C10118,Customer_119,29,West,Standard,25276,113,0
C10119,Customer_120,28,South,Standard,76151,17,0
C10120,Customer_121,32,South,Standard,173683,6,0
C10121,Customer_122,54,Central,Standard,168016,95,0
C10122,Customer_123,53,East,Premium,77887,75,0
C10123,Customer_124,68,South,Standard,106442,29,0
C10124,Customer_125,43,North,Premium,74847,28,0
C10125,Customer_126,44,Central,Standard,83653,21,0
C10126,Customer_127,57,West,Standard,242144,94,0
C10127,Customer_128,55,Central,Standard,81622,19,0
C10128,Customer_129,64,West,Standard,52810,45,0
C10129,Customer_130,60,Central,Premium,102842,43,0
C10130,Customer_131,42,Central,Standard,147225,44,0
C10131,Customer_132,47,Central,Standard,35503,52,0
C10132,Customer_133,55,West,Premium,109761,86,1
C10133,Customer_134,21,West,Standard,193048,111,0
C10134,Customer_135,55,Central,Standard,151439,42,0
C10135,Customer_136,57,South,Premium,36590,41,1
C10136,Customer_137,67,East,Premium,166958,115,0
C10137,Customer_138,34,East,Standard,168938,119,0
C10138,Customer_139,23,East,Business,91624,25,0
C10139,Customer_140,21,West,Premium,224971,113,0
C10140,Customer_141,25,West,Standard,188864,98,0
C10141,Customer_142,46,South,Premium,165836,54,1
C10142,Customer_143,34,East,Standard,145356,49,1
C10143,Customer_144,59,East,Standard,242228,65,0
C10144,Customer_145,47,Central,Standard,67727,99,0
C10145,Customer_146,29,West,Standard,103471,112,0
C10146,Customer_147,35,East,Premium,33068,71,0
C10147,Customer_148,35,South,Standard,141923,45,0
C10148,Customer_149,46,South,Premium,163367,50,0
C10149,Customer_150,62,East,Premium,197232,36,1
C10150,Customer_151,33,West,Standard,36390,42,1
C10151,Customer_152,52,South,Premium,131752,77,1
C10152,Customer_153,59,Central,Standard,176203,63,0
C10153,Customer_154,69,South,Standard,119754,52,0
C10154,Customer_155,52,North,Premium,100969,69,0
C10155,Customer_156,24,North,Standard,171110,64,1
C10156,Customer_157,50,West,Standard,208399,60,0
C10157,Customer_158,57,East,Standard,249790,35,1
C10158,Customer_159,43,West,Standard,102064,77,0
C10159,Customer_160,59,West,Standard,46281,18,0
C10160,Customer_161,65,West,Standard,79189,84,0
C10161,Customer_162,35,West,Business,73511,96,0
C10162,Customer_163,63,Central,Standard,147115,50,0
C10163,Customer_164,49,Central,Standard,33605,12,0
C10164,Customer_165,56,South,Standard,125318,84,0
C10165,Customer_166,33,North,Standard,157453,40,0
C10166,Customer_167,52,West,Business,222706,21,0
C10167,Customer_168,27,South,Premium,44810,38,0
C10168,Customer_169,42,North,Premium,180394,61,0
C10169,Customer_170,48,East,Standard,66869,65,1
C10170,Customer_171,22,Central,Standard,57955,79,0
C10171,Customer_172,62,North,Standard,86388,48,0
C10172,Customer_173,65,East,Premium,35207,5,0
C10173,Customer_174,26,North,Standard,243401,76,0
C10174,Customer_175,48,Central,Standard,223700,104,0
C10175,Customer_176,48,Central,Business,184292,67,0
C10176,Customer_177,64,South,Standard,240122,93,1
C10177,Customer_178,64,West,Standard,230157,112,0
C10178,Customer_179,40,North,Standard,47031,10,1
C10179,Customer_180,50,North,Business,226793,53,0
C10180,Customer_181,31,East,Standard,105807,112,0
C10181,Customer_182,48,Central,Premium,96312,108,1
C10182,Customer_183,45,North,Premium,84766,83,0
C10183,Customer_184,59,Central,Standard,168521,75,0
C10184,Customer_185,53,North,Premium,114833,8,0
C10185,Customer_186,21,South,Standard,212771,109,0
C10186,Customer_187,47,West,Standard,237325,91,0
C10187,Customer_188,33,North,Premium,136041,41,1
C10188,Customer_189,61,Central,Premium,141185,115,1
C10189,Customer_190,23,South,Premium,202164,62,1
C10190,Customer_191,59,North,Standard,219743,30,0
C10191,Customer_192,26,East,Standard,35350,99,1
C10192,Customer_193,28,West,Standard,125859,56,0
C10193,Customer_194,47,North,Standard,93487,39,0
C10194,Customer_195,29,South,Standard,173694,11,0
C10195,Customer_196,57,East,Standard,148853,84,0
C10196,Customer_197,53,South,Standard,226335,58,0
C10197,Customer_198,62,South,Standard,78117,61,0
C10198,Customer_199,64,East,Standard,214466,87,1
C10199,Customer_200,44,South,Standard,126084,4,0
C10200,Customer_201,35,East,Premium,48782,63,0
C10201,Customer_202,52,North,Standard,53454,60,1
C10202,Customer_203,52,East,Business,92904,109,1
C10203,Customer_204,44,East,Premium,154936,62,0
C10204,Customer_205,61,West,Standard,171664,104,1
C10205,Customer_206,69,East,Premium,178245,42,0
C10206,Customer_207,69,East,Standard,189276,38,0
C10207,Customer_208,32,North,Standard,191668,116,0
C10208,Customer_209,59,West,Standard,190396,109,0
C10209,Customer_210,22,Central,Standard,147258,39,0
C10210,Customer_211,23,North,Standard,136668,81,0
C10211,Customer_212,69,North,Standard,217274,94,0
C10212,Customer_213,57,Central,Premium,245472,20,0
C10213,Customer_214,69,East,Premium,149184,100,0
C10214,Customer_215,37,South,Standard,186822,65,0
C10215,Customer_216,69,West,Premium,232184,24,0
C10216,Customer_217,22,South,Standard,41566,13,0
C10217,Customer_218,22,Central,Standard,163262,60,0
C10218,Customer_219,48,North,Premium,244679,59,0
C10219,Customer_220,43,North,Standard,63333,79,0
C10220,Customer_221,57,West,Standard,146929,6,1
C10221,Customer_222,52,North,Standard,236977,88,0
C10222,Customer_223,53,North,Standard,114571,9,0
C10223,Customer_224,21,West,Business,145263,63,1
C10224,Customer_225,39,West,Standard,157661,109,1
C10225,Customer_226,22,Central,Business,50235,56,1
C10226,Customer_227,64,North,Standard,25159,90,0
C10227,Customer_228,46,North,Standard,168217,70,1
C10228,Customer_229,52,Central,Standard,236981,94,0
C10229,Customer_230,26,East,Premium,187993,81,0
C10230,Customer_231,52,East,Standard,129859,3,1
C10231,Customer_232,24,East,Premium,172309,57,0
C10232,Customer_233,31,Central,Premium,132507,5,0
C10233,Customer_234,37,North,Standard,164316,80,0
C10234,Customer_235,58,Central,Business,39743,40,1
C10235,Customer_236,44,Central,Premium,71101,116,0
C10236,Customer_237,25,East,Premium,146534,3,0
C10237,Customer_238,54,South,Standard,109227,104,1
C10238,Customer_239,26,North,Standard,212450,40,1
C10239,Customer_240,42,East,Standard,96126,87,0
C10240,Customer_241,31,South,Standard,81071,114,1
C10241,Customer_242,68,South,Standard,227193,31,0
C10242,Customer_243,36,West,Premium,99763,7,0
C10243,Customer_244,53,North,Standard,249886,115,0
C10244,Customer_245,29,South,Standard,168309,76,0
C10245,Customer_246,26,East,Business,171721,94,1
C10246,Customer_247,36,West,Premium,193785,23,1
C10247,Customer_248,49,North,Standard,229535,116,0
C10248,Customer_249,23,Central,Premium,201481,73,0
C10249,Customer_250,40,East,Standard,204838,69,0
C10250,Customer_251,56,South,Standard,71154,111,0
C10251,Customer_252,39,South,Premium,32016,49,1
C10252,Customer_253,46,East,Standard,235635,86,1
C10253,Customer_254,23,South,Standard,204760,85,0
C10254,Customer_255,39,West,Standard,114678,37,1
C10255,Customer_256,40,North,Standard,137056,70,0
C10256,Customer_257,52,West,Standard,79238,71,0
C10257,Customer_258,27,South,Standard,83608,3,0
C10258,Customer_259,61,Central,Premium,114081,70,0
C10259,Customer_260,53,North,Premium,187969,14,0
C10260,Customer_261,60,North,Standard,75961,62,0
C10261,Customer_262,59,East,Standard,224775,29,0
C10262,Customer_263,38,East,Standard,200829,58,0
C10263,Customer_264,60,Central,Standard,51917,108,0
C10264,Customer_265,21,North,Premium,178808,25,0
C10265,Customer_266,31,Central,Standard,52990,27,0
C10266,Customer_267,48,East,Standard,87551,23,0
C10267,Customer_268,45,East,Premium,214233,63,0
C10268,Customer_269,70,North,Premium,235695,65,0
C10269,Customer_270,43,West,Premium,178512,54,1
C10270,Customer_271,51,South,Standard,191277,90,0
C10271,Customer_272,50,East,Standard,105811,27,0
C10272,Customer_273,62,East,Standard,80103,111,0
C10273,Customer_274,55,West,Standard,226884,57,0
C10274,Customer_275,27,West,Premium,197699,48,0
C10275,Customer_276,36,Central,Premium,131122,34,1
C10276,Customer_277,46,Central,Premium,44008,57,0
C10277,Customer_278,68,South,Premium,227346,98,0
C10278,Customer_279,69,South,Standard,57402,7,0
C10279,Customer_280,22,North,Premium,209456,38,0
C10280,Customer_281,21,Central,Standard,161865,112,0
C10281,Customer_282,68,East,Standard,161643,108,0
C10282,Customer_283,32,Central,Standard,172281,51,0
C10283,Customer_284,25,East,Standard,138550,108,0
C10284,Customer_285,57,West,Standard,247002,60,0
C10285,Customer_286,52,Central,Business,199220,41,1
C10286,Customer_287,29,West,Standard,116218,82,0
C10287,Customer_288,61,South,Standard,158296,99,0
C10288,Customer_289,55,South,Standard,204767,115,1
C10289,Customer_290,39,North,Premium,145779,87,0
C10290,Customer_291,68,Central,Standard,154714,63,1
C10291,Customer_292,36,West,Premium,57441,11,0
C10292,Customer_293,23,East,Standard,195201,8,0
C10293,Customer_294,40,South,Premium,87368,117,0
C10294,Customer_295,44,South,Standard,117122,111,1
C10295,Customer_296,53,East,Premium,69760,37,0
C10296,Customer_297,44,West,Premium,48478,41,0
C10297,Customer_298,31,West,Standard,152881,24,0
C10298,Customer_299,69,Central,Standard,96854,43,0
C10299,Customer_300,28,Central,Standard,119230,120,0
C10300,Customer_301,56,North,Standard,110716,7,1
C10301,Customer_302,58,South,Standard,168252,44,0
C10302,Customer_303,60,Central,Premium,123538,89,0
C10303,Customer_304,40,West,Standard,40372,83,0
C10304,Customer_305,55,East,Standard,54796,78,0
C10305,Customer_306,68,West,Standard,214344,89,1
C10306,Customer_307,45,South,Standard,246035,82,0
C10307,Customer_308,55,West,Premium,123826,69,1
C10308,Customer_309,45,North,Standard,145592,32,0
C10309,Customer_310,49,South,Premium,118635,59,0
C10310,Customer_311,38,East,Premium,136022,88,0
C10311,Customer_312,66,North,Premium,79040,75,0
C10312,Customer_313,38,South,Premium,100357,31,0
C10313,Customer_314,22,East,Standard,227440,113,1
C10314,Customer_315,55,North,Business,103356,39,0
C10315,Customer_316,36,North,Standard,41211,89,0
C10316,Customer_317,61,South,Standard,130426,15,1
C10317,Customer_318,56,Central,Premium,30842,34,0
C10318,Customer_319,53,North,Business,219187,48,0
C10319,Customer_320,24,North,Premium,91852,118,0
C10320,Customer_321,53,East,Standard,150737,113,0
C10321,Customer_322,34,West,Standard,70968,114,0
C10322,Customer_323,41,South,Business,42508,25,0
C10323,Customer_324,68,South,Standard,178077,47,0
C10324,Customer_325,40,Central,Premium,79575,19,1
C10325,Customer_326,28,Central,Premium,236814,106,0
C10326,Customer_327,27,South,Standard,175043,87,0
C10327,Customer_328,23,Central,Standard,181671,68,0
C10328,Customer_329,37,East,Standard,243664,103,0
C10329,Customer_330,53,South,Standard,91914,8,0
C10330,Customer_331,68,Central,Premium,92055,110,0
C10331,Customer_332,32,South,Standard,112697,20,0
C10332,Customer_333,42,West,Premium,131239,96,1
C10333,Customer_334,42,North,Standard,148106,24,0
C10334,Customer_335,66,South,Business,30355,120,0
C10335,Customer_336,50,North,Standard,79120,35,0
C10336,Customer_337,58,Central,Standard,230691,32,1
C10337,Customer_338,58,North,Standard,63342,83,0
C10338,Customer_339,65,South,Premium,242064,109,0
C10339,Customer_340,28,West,Premium,234932,34,0
C10340,Customer_341,47,Central,Premium,27257,44,0
C10341,Customer_342,47,South,Standard,52364,117,0
C10342,Customer_343,54,Central,Standard,181044,80,1
C10343,Customer_344,41,East,Standard,136715,12,0
C10344,Customer_345,50,North,Standard,51654,113,0
C10345,Customer_346,53,East,Standard,236841,117,0
C10346,Customer_347,48,South,Business,106423,38,1
C10347,Customer_348,67,West,Business,54320,36,1
C10348,Customer_349,53,Central,Business,45808,75,0
C10349,Customer_350,25,North,Premium,77389,108,0
C10350,Customer_351,68,Central,Standard,143581,30,0
C10351,Customer_352,39,South,Standard,152927,13,0
C10352,Customer_353,24,Central,Standard,59773,80,0
C10353,Customer_354,55,North,Premium,207240,41,1
C10354,Customer_355,69,South,Standard,183819,49,0
C10355,Customer_356,37,Central,Standard,101396,120,0
C10356,Customer_357,64,West,Standard,132692,21,0
C10357,Customer_358,48,South,Standard,239764,120,0
C10358,Customer_359,50,South,Premium,82505,17,0
C10359,Customer_360,49,West,Premium,110896,30,0
C10360,Customer_361,66,East,Standard,43135,26,0
C10361,Customer_362,26,North,Business,115887,74,1
C10362,Customer_363,55,East,Premium,147118,109,1
C10363,Customer_364,61,Central,Standard,72377,11,0
C10364,Customer_365,57,West,Standard,179626,49,1
C10365,Customer_366,44,East,Standard,87491,35,0
C10366,Customer_367,49,South,Standard,211693,64,0
C10367,Customer_368,69,Central,Business,83283,99,0
C10368,Customer_369,66,Central,Standard,241212,21,0
C10369,Customer_370,51,East,Premium,41923,69,0
C10370,Customer_371,55,East,Standard,72591,76,0
C10371,Customer_372,53,West,Standard,87261,42,0
C10372,Customer_373,41,North,Standard,79336,49,1
C10373,Customer_374,52,East,Standard,99083,108,0
C10374,Customer_375,43,East,Standard,85948,67,1
C10375,Customer_376,53,South,Business,189074,31,0
C10376,Customer_377,23,Central,Standard,236170,52,1
C10377,Customer_378,38,North,Premium,229088,100,0
C10378,Customer_379,45,South,Standard,51672,117,0
C10379,Customer_380,62,West,Standard,29213,15,0
C10380,Customer_381,51,West,Standard,166365,120,0
C10381,Customer_382,23,East,Standard,211932,3,0
C10382,Customer_383,60,East,Standard,87507,36,0
C10383,Customer_384,66,West,Standard,82134,95,0
C10384,Customer_385,44,East,Standard,158172,50,0
C10385,Customer_386,70,North,Standard,218069,113,0
C10386,Customer_387,52,East,Standard,53172,79,1
C10387,Customer_388,67,Central,Standard,45132,50,1
C10388,Customer_389,42,East,Business,43199,51,0
C10389,Customer_390,43,South,Premium,61609,119,0
C10390,Customer_391,22,North,Standard,199037,66,0
C10391,Customer_392,47,South,Standard,164088,63,1
C10392,Customer_393,62,South,Business,195851,31,0
C10393,Customer_394,22,Central,Premium,56881,41,1
C10394,Customer_395,46,North,Standard,238666,90,1
C10395,Customer_396,37,North,Premium,49472,28,0
C10396,Customer_397,60,North,Standard,207885,19,1
C10397,Customer_398,53,North,Standard,192093,73,0
C10398,Customer_399,29,North,Premium,79131,15,0
C10399,Customer_400,63,Central,Standard,180159,71,0
C10400,Customer_401,68,East,Business,37828,28,1
C10401,Customer_402,59,South,Premium,217682,51,1
C10402,Customer_403,49,North,Standard,121664,69,1
C10403,Customer_404,62,East,Standard,157473,9,1
C10404,Customer_405,46,East,Standard,241251,60,0
C10405,Customer_406,55,South,Standard,40193,51,0
C10406,Customer_407,70,Central,Premium,248461,105,0
C10407,Customer_408,45,West,Standard,200936,55,0
C10408,Customer_409,44,West,Standard,176379,67,0
C10409,Customer_410,33,East,Premium,127518,115,0
C10410,Customer_411,27,South,Standard,44611,64,0
C10411,Customer_412,56,West,Premium,199863,19,0
C10412,Customer_413,65,East,Standard,168022,45,0
C10413,Customer_414,40,Central,Business,101240,27,0
C10414,Customer_415,21,West,Standard,233475,5,0
C10415,Customer_416,28,East,Standard,27745,81,1
C10416,Customer_417,66,East,Standard,80243,31,1
C10417,Customer_418,36,North,Standard,28866,119,0
C10418,Customer_419,34,Central,Premium,188317,109,0
C10419,Customer_420,32,North,Premium,200796,34,0
C10420,Customer_421,43,South,Premium,153681,28,0
C10421,Customer_422,35,North,Standard,96354,18,0
C10422,Customer_423,48,North,Standard,76374,27,0
C10423,Customer_424,54,West,Standard,139397,56,1
C10424,Customer_425,22,East,Standard,149577,30,1
C10425,Customer_426,52,Central,Premium,186188,75,0
C10426,Customer_427,43,North,Standard,106029,58,0
C10427,Customer_428,42,Central,Standard,118574,67,0
C10428,Customer_429,45,North,Standard,176519,95,0
C10429,Customer_430,42,South,Premium,55431,88,0
C10430,Customer_431,42,North,Premium,173980,82,0
C10431,Customer_432,69,West,Premium,54336,43,0
C10432,Customer_433,62,East,Standard,65992,117,0
C10433,Customer_434,26,South,Standard,80350,110,0
C10434,Customer_435,35,North,Premium,94561,53,1
C10435,Customer_436,63,Central,Premium,76955,120,1
C10436,Customer_437,57,South,Standard,86240,107,0
C10437,Customer_438,53,South,Premium,176165,73,0
C10438,Customer_439,28,North,Premium,162227,80,0
C10439,Customer_440,64,South,Premium,71607,31,1
C10440,Customer_441,64,Central,Premium,189559,85,0
C10441,Customer_442,25,South,Standard,211740,21,1
C10442,Customer_443,59,Central,Standard,177035,68,1
C10443,Customer_444,24,North,Standard,206196,43,0
C10444,Customer_445,26,East,Premium,77870,47,0
C10445,Customer_446,65,South,Premium,212619,17,1
C10446,Customer_447,52,East,Premium,89110,5,1
C10447,Customer_448,50,Central,Standard,209626,13,0
C10448,Customer_449,67,South,Premium,177008,55,1
C10449,Customer_450,55,West,Premium,141895,48,0
C10450,Customer_451,60,East,Premium,29426,32,0
C10451,Customer_452,36,South,Premium,244911,59,1
C10452,Customer_453,33,East,Premium,52606,106,1
C10453,Customer_454,70,South,Standard,203904,20,0
C10454,Customer_455,62,North,Standard,53151,53,0
C10455,Customer_456,50,East,Standard,235375,50,0
C10456,Customer_457,39,West,Standard,36308,68,0
C10457,Customer_458,37,West,Premium,218594,98,0
C10458,Customer_459,39,Central,Premium,201743,10,0
C10459,Customer_460,48,South,Standard,115306,24,0
C10460,Customer_461,46,East,Standard,131984,8,0
C10461,Customer_462,57,Central,Premium,27204,78,0
C10462,Customer_463,46,East,Standard,117769,113,0
C10463,Customer_464,43,South,Standard,112265,59,0
C10464,Customer_465,29,West,Standard,56131,106,0
C10465,Customer_466,32,North,Standard,77428,38,1
C10466,Customer_467,21,West,Standard,58870,81,0
C10467,Customer_468,21,Central,Standard,128547,94,0
C10468,Customer_469,67,North,Standard,74067,118,1
C10469,Customer_470,54,Central,Premium,214657,59,1
C10470,Customer_471,52,South,Standard,137217,51,0
C10471,Customer_472,68,North,Premium,177679,47,0
C10472,Customer_473,45,Central,Standard,181040,84,0
C10473,Customer_474,60,South,Standard,123934,68,0
C10474,Customer_475,65,West,Premium,167980,79,0
C10475,Customer_476,21,South,Standard,182495,47,1
C10476,Customer_477,36,East,Standard,99707,120,0
C10477,Customer_478,59,South,Standard,234329,81,0
C10478,Customer_479,25,South,Premium,86215,22,0
C10479,Customer_480,42,East,Standard,211907,66,0
C10480,Customer_481,49,Central,Standard,74429,95,0
C10481,Customer_482,23,Central,Premium,107152,108,1
C10482,Customer_483,32,South,Standard,133048,95,0
C10483,Customer_484,46,East,Premium,194530,69,1
C10484,Customer_485,36,East,Premium,202241,85,0
C10485,Customer_486,57,West,Business,163731,5,1
C10486,Customer_487,42,Central,Standard,216686,56,1
C10487,Customer_488,49,North,Premium,102240,80,0
C10488,Customer_489,34,Central,Standard,188865,66,0
C10489,Customer_490,48,Central,Standard,138688,42,0
C10490,Customer_491,25,West,Standard,71473,61,1
C10491,Customer_492,67,North,Premium,121762,57,1
C10492,Customer_493,69,West,Standard,245460,64,0
C10493,Customer_494,50,North,Standard,244402,6,1
C10494,Customer_495,66,South,Standard,131956,62,1
C10495,Customer_496,25,North,Premium,143452,118,0
C10496,Customer_497,32,West,Premium,211823,77,0
C10497,Customer_498,36,Central,Premium,151311,97,0
C10498,Customer_499,46,North,Standard,234987,109,0
C10499,Customer_500,46,North,Standard,210326,98,0
C10500,Customer_501,68,East,Premium,32006,93,0
C10501,Customer_502,41,Central,Standard,99218,32,0
C10502,Customer_503,59,South,Standard,221416,109,1
C10503,Customer_504,56,West,Premium,189912,4,1
C10504,Customer_505,53,South,Business,57430,64,0
C10505,Customer_506,50,Central,Premium,48091,51,1
C10506,Customer_507,57,North,Premium,189055,11,0
C10507,Customer_508,43,North,Business,48989,94,1
C10508,Customer_509,30,Central,Standard,100451,33,0
C10509,Customer_510,25,North,Standard,43990,100,0
C10510,Customer_511,56,North,Business,115270,63,1
C10511,Customer_512,54,North,Standard,105360,81,1
C10512,Customer_513,51,West,Premium,61081,50,0
C10513,Customer_514,30,West,Standard,167105,27,0
C10514,Customer_515,39,East,Standard,133272,38,0
C10515,Customer_516,52,South,Premium,41241,10,0
C10516,Customer_517,21,Central,Business,149932,75,0
C10517,Customer_518,25,Central,Premium,30939,60,0
C10518,Customer_519,65,Central,Standard,138000,103,0
C10519,Customer_520,24,East,Premium,203634,114,0
C10520,Customer_521,36,West,Standard,60063,47,0
C10521,Customer_522,44,East,Standard,232793,64,0
C10522,Customer_523,36,Central,Standard,183117,41,0
C10523,Customer_524,22,South,Standard,200841,98,0
C10524,Customer_525,69,North,Standard,72118,60,0
C10525,Customer_526,48,West,Business,109703,118,1
C10526,Customer_527,52,West,Premium,177697,83,1
C10527,Customer_528,47,East,Premium,153557,101,0
C10528,Customer_529,40,West,Standard,52076,103,0
C10529,Customer_530,44,Central,Business,220877,85,0
C10530,Customer_531,32,Central,Business,69605,66,1
C10531,Customer_532,70,East,Premium,109565,46,0
C10532,Customer_533,55,Central,Standard,244581,31,0
C10533,Customer_534,53,South,Standard,64121,61,1
C10534,Customer_535,53,East,Standard,221173,73,0
C10535,Customer_536,63,South,Standard,56433,94,0
C10536,Customer_537,57,North,Standard,68309,11,0
C10537,Customer_538,32,South,Business,92468,94,0
C10538,Customer_539,23,North,Standard,200326,8,0
C10539,Customer_540,21,North,Standard,92293,31,0
C10540,Customer_541,53,South,Standard,121258,60,0
C10541,Customer_542,60,East,Standard,193925,19,0
C10542,Customer_543,30,Central,Standard,63405,18,0
C10543,Customer_544,63,Central,Standard,222724,89,0
C10544,Customer_545,64,North,Standard,68527,97,0
C10545,Customer_546,49,North,Premium,102227,5,0
C10546,Customer_547,33,East,Business,156564,23,1
C10547,Customer_548,32,West,Standard,249490,66,0
C10548,Customer_549,51,South,Standard,164883,92,0
C10549,Customer_550,66,North,Premium,118344,38,1
C10550,Customer_551,22,Central,Standard,180344,108,0
C10551,Customer_552,70,East,Standard,228082,103,1
C10552,Customer_553,55,South,Premium,248564,119,0
C10553,Customer_554,43,East,Standard,72153,88,0
C10554,Customer_555,37,South,Premium,133042,64,0
C10555,Customer_556,46,South,Standard,79110,44,1
C10556,Customer_557,28,North,Standard,170051,78,1
C10557,Customer_558,49,East,Standard,53328,44,0
C10558,Customer_559,46,East,Premium,137911,63,0
C10559,Customer_560,30,Central,Standard,37867,15,0
C10560,Customer_561,46,Central,Standard,84234,13,0
C10561,Customer_562,54,North,Premium,50851,56,0
C10562,Customer_563,61,North,Standard,56279,18,0
C10563,Customer_564,27,West,Standard,98402,10,0
C10564,Customer_565,24,Central,Premium,40449,106,0
C10565,Customer_566,70,South,Standard,101221,61,0
C10566,Customer_567,65,East,Premium,114080,59,0
C10567,Customer_568,31,North,Premium,30451,42,1
C10568,Customer_569,49,East,Premium,112178,111,0
C10569,Customer_570,56,East,Standard,197388,61,0
C10570,Customer_571,45,West,Business,219136,4,1
C10571,Customer_572,41,Central,Standard,88761,96,1
C10572,Customer_573,56,North,Premium,63870,96,0
C10573,Customer_574,30,East,Standard,121566,78,0
C10574,Customer_575,57,North,Standard,148749,12,0
C10575,Customer_576,29,South,Standard,148765,46,0
C10576,Customer_577,44,West,Business,149881,13,0
C10577,Customer_578,55,South,Business,186945,81,0
C10578,Customer_579,69,North,Standard,153389,82,0
C10579,Customer_580,55,North,Standard,214699,83,0
C10580,Customer_581,68,Central,Premium,222227,92,0
C10581,Customer_582,56,East,Standard,50372,4,0
C10582,Customer_583,38,East,Standard,28642,52,0
C10583,Customer_584,69,South,Premium,184073,14,0
C10584,Customer_585,59,West,Standard,59064,117,1
C10585,Customer_586,52,East,Business,39122,92,1
C10586,Customer_587,44,Central,Standard,180892,25,0
C10587,Customer_588,43,South,Standard,93431,20,0
C10588,Customer_589,52,South,Standard,80745,64,0
C10589,Customer_590,57,Central,Premium,75081,98,1
C10590,Customer_591,32,West,Standard,226974,115,1
C10591,Customer_592,69,Central,Premium,164783,64,0
C10592,Customer_593,33,West,Standard,241204,40,0
C10593,Customer_594,43,Central,Premium,174865,113,0
C10594,Customer_595,45,Central,Standard,164271,69,0
C10595,Customer_596,55,North,Standard,101253,40,0
C10596,Customer_597,61,South,Premium,61191,69,0
C10597,Customer_598,50,Central,Standard,35211,96,0
C10598,Customer_599,37,Central,Standard,136086,63,0
C10599,Customer_600,69,East,Premium,219141,3,0
C10600,Customer_601,40,South,Standard,244968,96,0
C10601,Customer_602,68,East,Premium,212818,47,0
C10602,Customer_603,45,South,Standard,177614,98,0
C10603,Customer_604,42,East,Premium,187384,30,1
C10604,Customer_605,33,Central,Standard,201314,23,0
C10605,Customer_606,39,Central,Standard,126971,112,0
C10606,Customer_607,69,North,Business,118783,15,0
C10607,Customer_608,56,East,Premium,150681,29,0
C10608,Customer_609,32,West,Standard,112893,102,0
C10609,Customer_610,61,North,Standard,211460,9,1
C10610,Customer_611,39,East,Premium,183763,24,0
C10611,Customer_612,32,East,Standard,102960,76,0
C10612,Customer_613,29,North,Premium,109388,105,0
C10613,Customer_614,27,Central,Premium,47601,55,0
C10614,Customer_615,48,East,Standard,174092,81,0
C10615,Customer_616,34,Central,Standard,164227,81,0
C10616,Customer_617,51,North,Premium,225191,6,0
C10617,Customer_618,39,Central,Standard,237123,98,0
C10618,Customer_619,67,South,Standard,192849,25,0
C10619,Customer_620,36,West,Business,44710,72,0
C10620,Customer_621,25,East,Standard,133714,90,0
C10621,Customer_622,55,West,Premium,180604,86,0
C10622,Customer_623,32,Central,Standard,153727,103,0
C10623,Customer_624,45,East,Standard,174673,86,0
C10624,Customer_625,41,Central,Standard,88227,78,0
C10625,Customer_626,56,South,Standard,161039,35,0
C10626,Customer_627,43,North,Standard,109289,30,0
C10627,Customer_628,36,East,Standard,176094,10,0
C10628,Customer_629,59,South,Premium,199535,3,1
C10629,Customer_630,65,South,Standard,230743,39,1
C10630,Customer_631,62,East,Standard,30722,65,0
C10631,Customer_632,59,Central,Standard,183485,24,0
C10632,Customer_633,34,South,Standard,248844,72,0
C10633,Customer_634,51,West,Standard,106050,23,0
C10634,Customer_635,25,South,Standard,241939,98,0
C10635,Customer_636,55,Central,Standard,108596,37,0
C10636,Customer_637,43,Central,Standard,91732,81,0
C10637,Customer_638,49,West,Standard,168369,7,1
C10638,Customer_639,63,South,Premium,93323,62,0
C10639,Customer_640,31,Central,Standard,48816,48,0
C10640,Customer_641,38,East,Standard,65695,52,1
C10641,Customer_642,67,North,Premium,175774,50,0
C10642,Customer_643,32,North,Standard,181314,8,1
C10643,Customer_644,29,North,Premium,80841,91,0
C10644,Customer_645,30,South,Standard,153498,58,0
C10645,Customer_646,64,West,Standard,223784,112,0
C10646,Customer_647,37,Central,Standard,241735,61,0
C10647,Customer_648,58,East,Standard,132096,106,0
C10648,Customer_649,27,East,Premium,117764,31,0
C10649,Customer_650,66,South,Standard,209646,73,0
C10650,Customer_651,33,North,Premium,110744,106,0
C10651,Customer_652,60,South,Standard,53482,79,0
C10652,Customer_653,62,West,Standard,34171,104,0
C10653,Customer_654,29,West,Standard,125755,20,0
C10654,Customer_655,70,Central,Standard,133125,4,0
C10655,Customer_656,47,Central,Standard,155722,10,0
C10656,Customer_657,22,West,Premium,131082,77,0
C10657,Customer_658,25,West,Premium,28696,99,0
C10658,Customer_659,49,West,Standard,151310,56,0
C10659,Customer_660,57,South,Premium,176130,40,0
C10660,Customer_661,58,West,Business,176385,50,0
C10661,Customer_662,39,East,Premium,44149,29,0
C10662,Customer_663,28,North,Standard,155064,22,0
C10663,Customer_664,68,West,Premium,78521,14,0
C10664,Customer_665,65,North,Standard,70740,45,0
C10665,Customer_666,21,South,Business,131611,63,0
C10666,Customer_667,42,North,Standard,161028,33,0
C10667,Customer_668,37,South,Standard,231803,93,0
C10668,Customer_669,27,East,Premium,238684,98,1
C10669,Customer_670,45,South,Standard,91641,63,1
C10670,Customer_671,65,South,Business,88811,76,1
C10671,Customer_672,24,Central,Business,208232,69,0
C10672,Customer_673,56,West,Premium,207385,111,1
C10673,Customer_674,26,West,Standard,88232,93,1
C10674,Customer_675,51,East,Premium,40417,37,0
C10675,Customer_676,39,East,Standard,180801,97,0
C10676,Customer_677,64,West,Standard,137492,17,0
C10677,Customer_678,59,Central,Premium,55099,18,0
C10678,Customer_679,47,West,Standard,186033,15,1
C10679,Customer_680,30,Central,Standard,168674,115,0
C10680,Customer_681,46,East,Business,143474,37,0
C10681,Customer_682,39,North,Standard,34256,118,0
C10682,Customer_683,59,East,Standard,242192,77,0
C10683,Customer_684,23,East,Business,59681,61,0
C10684,Customer_685,65,South,Standard,116328,23,0
C10685,Customer_686,33,South,Premium,243512,117,0
C10686,Customer_687,70,South,Business,220861,56,1
C10687,Customer_688,48,South,Business,68361,77,1
C10688,Customer_689,40,Central,Premium,220575,32,1
C10689,Customer_690,48,West,Standard,59540,50,0
C10690,Customer_691,28,North,Standard,182608,119,0
C10691,Customer_692,61,East,Premium,109700,37,1
C10692,Customer_693,59,Central,Premium,219115,88,0
C10693,Customer_694,21,North,Standard,103532,40,0
C10694,Customer_695,23,Central,Standard,212647,33,1
C10695,Customer_696,33,Central,Standard,152626,80,0
C10696,Customer_697,48,East,Standard,158943,26,1
C10697,Customer_698,69,West,Premium,71002,116,0
C10698,Customer_699,45,South,Standard,74812,51,0
C10699,Customer_700,53,West,Business,178698,98,1
C10700,Customer_701,58,East,Premium,216051,102,1
C10701,Customer_702,26,East,Standard,232129,34,0
C10702,Customer_703,64,East,Premium,133946,57,1
C10703,Customer_704,65,North,Standard,91668,81,1
C10704,Customer_705,52,West,Standard,124003,109,0
C10705,Customer_706,65,West,Premium,236142,60,0
C10706,Customer_707,67,Central,Premium,245462,101,0
C10707,Customer_708,41,Central,Premium,67998,5,0
C10708,Customer_709,36,Central,Standard,219886,82,0
C10709,Customer_710,41,East,Standard,129601,71,1
C10710,Customer_711,31,West,Premium,201679,87,1
C10711,Customer_712,57,East,Standard,32812,12,0
C10712,Customer_713,56,North,Standard,86844,85,0
C10713,Customer_714,55,Central,Standard,226165,27,0
C10714,Customer_715,39,East,Premium,158251,70,0
C10715,Customer_716,40,East,Standard,199870,63,0
C10716,Customer_717,38,North,Premium,99601,31,0
C10717,Customer_718,67,South,Business,164347,21,0
C10718,Customer_719,61,West,Standard,206646,45,0
C10719,Customer_720,69,South,Standard,72857,68,0
C10720,Customer_721,34,Central,Standard,150555,76,1
C10721,Customer_722,35,East,Premium,45700,63,0
C10722,Customer_723,51,North,Standard,195536,45,0
C10723,Customer_724,21,North,Standard,198423,27,0
C10724,Customer_725,23,West,Standard,118330,22,0
C10725,Customer_726,36,South,Premium,238606,50,0
C10726,Customer_727,43,West,Standard,169941,85,1
C10727,Customer_728,31,East,Premium,216387,89,0
C10728,Customer_729,32,West,Business,249760,26,0
C10729,Customer_730,30,North,Standard,177026,13,0
C10730,Customer_731,52,North,Premium,187627,112,0
C10731,Customer_732,36,Central,Standard,88353,100,0
C10732,Customer_733,28,Central,Premium,238262,57,0
C10733,Customer_734,58,East,Premium,201098,30,0
C10734,Customer_735,32,South,Premium,125772,71,0
C10735,Customer_736,44,West,Standard,203048,65,0
C10736,Customer_737,48,East,Standard,236650,61,0
C10737,Customer_738,28,Central,Standard,116502,7,1
C10738,Customer_739,48,West,Standard,138943,53,0
C10739,Customer_740,56,Central,Standard,134850,23,1
C10740,Customer_741,46,West,Standard,70095,14,0
C10741,Customer_742,28,South,Standard,170342,52,0
C10742,Customer_743,70,East,Standard,186980,6,0
C10743,Customer_744,48,West,Premium,40523,120,0
C10744,Customer_745,48,North,Standard,87433,115,1
C10745,Customer_746,57,North,Standard,203140,44,0
C10746,Customer_747,61,West,Standard,44991,86,0
C10747,Customer_748,56,West,Standard,35775,40,0
C10748,Customer_749,47,West,Business,233873,27,0
C10749,Customer_750,37,North,Standard,109995,16,1
C10750,Customer_751,29,North,Premium,217322,77,1
C10751,Customer_752,53,West,Business,172745,34,1
C10752,Customer_753,40,Central,Premium,147808,13,1
C10753,Customer_754,33,Central,Premium,183128,63,0
C10754,Customer_755,48,South,Premium,162686,20,0
C10755,Customer_756,68,East,Business,32415,29,0
C10756,Customer_757,49,Central,Premium,244763,57,0
C10757,Customer_758,33,North,Standard,199956,56,1
C10758,Customer_759,66,Central,Premium,173036,84,0
C10759,Customer_760,55,South,Standard,193798,89,1
C10760,Customer_761,26,South,Premium,62044,77,0
C10761,Customer_762,38,East,Standard,213221,23,0
C10762,Customer_763,25,Central,Standard,193616,46,1
C10763,Customer_764,67,North,Standard,74976,7,1
C10764,Customer_765,45,North,Standard,188324,89,0
C10765,Customer_766,22,West,Standard,28832,43,0
C10766,Customer_767,30,North,Standard,246883,61,0
C10767,Customer_768,50,East,Standard,236509,91,1
C10768,Customer_769,70,East,Standard,59148,107,0
C10769,Customer_770,65,North,Premium,217312,56,0
C10770,Customer_771,25,North,Standard,244526,76,1
C10771,Customer_772,53,West,Standard,137230,24,0
C10772,Customer_773,21,North,Premium,110076,85,1
C10773,Customer_774,38,West,Standard,233188,67,0
C10774,Customer_775,52,West,Standard,209531,66,1
C10775,Customer_776,67,North,Premium,63402,73,0
C10776,Customer_777,69,South,Premium,213799,6,0
C10777,Customer_778,31,South,Standard,63578,67,0
C10778,Customer_779,41,West,Standard,115453,17,0
C10779,Customer_780,46,North,Business,178390,106,0
C10780,Customer_781,45,South,Premium,100715,78,0
C10781,Customer_782,42,North,Standard,233859,24,0
C10782,Customer_783,47,North,Premium,136435,88,0
C10783,Customer_784,69,North,Standard,241101,116,1
C10784,Customer_785,33,Central,Standard,176538,49,1
C10785,Customer_786,53,North,Standard,120742,83,0
C10786,Customer_787,54,Central,Premium,70475,95,0
C10787,Customer_788,61,West,Standard,85142,48,0
C10788,Customer_789,55,South,Premium,241232,16,0
C10789,Customer_790,21,South,Standard,182636,52,0
C10790,Customer_791,41,South,Standard,178484,22,0
C10791,Customer_792,68,South,Standard,118526,52,0
C10792,Customer_793,26,South,Premium,76001,114,0
C10793,Customer_794,48,South,Standard,82649,35,1
C10794,Customer_795,37,South,Standard,217029,61,0
C10795,Customer_796,25,West,Premium,191589,45,1
C10796,Customer_797,51,North,Standard,169228,81,1
C10797,Customer_798,25,East,Business,179136,14,0
C10798,Customer_799,58,Central,Standard,50711,42,0
C10799,Customer_800,23,East,Premium,55106,120,0
C10800,Customer_801,43,East,Standard,90458,22,1
C10801,Customer_802,57,North,Business,172661,96,0
C10802,Customer_803,57,North,Standard,245344,40,1
C10803,Customer_804,30,North,Standard,155429,5,0
C10804,Customer_805,30,South,Standard,242583,30,0
C10805,Customer_806,39,West,Standard,126754,58,0
C10806,Customer_807,37,South,Standard,163286,92,0
C10807,Customer_808,41,West,Business,241803,96,0
C10808,Customer_809,34,West,Standard,151479,15,0
C10809,Customer_810,29,East,Premium,183199,79,0
C10810,Customer_811,66,East,Premium,161213,68,0
C10811,Customer_812,21,West,Premium,53884,39,0
C10812,Customer_813,65,West,Standard,246493,51,0
C10813,Customer_814,33,South,Standard,27708,104,0
C10814,Customer_815,24,South,Premium,43375,68,0
C10815,Customer_816,21,East,Business,40088,38,0
C10816,Customer_817,69,North,Standard,82615,56,0
C10817,Customer_818,60,West,Standard,135138,28,0
C10818,Customer_819,52,South,Standard,201118,77,1
C10819,Customer_820,54,East,Business,35014,74,1
C10820,Customer_821,48,South,Standard,220497,110,0
C10821,Customer_822,51,West,Standard,159345,42,0
C10822,Customer_823,28,West,Premium,203207,45,1
C10823,Customer_824,59,Central,Standard,127842,24,0
C10824,Customer_825,46,North,Standard,186953,22,1
C10825,Customer_826,54,Central,Premium,103077,10,0
C10826,Customer_827,23,East,Business,164784,31,0
C10827,Customer_828,70,South,Standard,230776,42,1
C10828,Customer_829,32,East,Standard,77874,92,1
C10829,Customer_830,21,West,Standard,94087,32,0
C10830,Customer_831,64,Central,Standard,37297,83,0
C10831,Customer_832,25,Central,Premium,52128,86,0
C10832,Customer_833,50,Central,Standard,93368,118,0
C10833,Customer_834,50,East,Standard,243671,57,0
C10834,Customer_835,37,West,Standard,244571,18,1
C10835,Customer_836,68,South,Standard,103958,48,0
C10836,Customer_837,67,South,Standard,57920,64,1
C10837,Customer_838,43,East,Premium,167228,109,0
C10838,Customer_839,35,Central,Standard,167180,9,0
C10839,Customer_840,57,North,Premium,187917,82,0
C10840,Customer_841,41,East,Premium,158872,47,1
C10841,Customer_842,34,East,Standard,198784,61,0
C10842,Customer_843,22,West,Standard,158682,113,1
C10843,Customer_844,31,South,Standard,102603,58,1
C10844,Customer_845,59,East,Standard,58872,50,0
C10845,Customer_846,58,East,Standard,35728,29,1
C10846,Customer_847,54,Central,Standard,120102,55,0
C10847,Customer_848,58,Central,Standard,147049,89,1
C10848,Customer_849,70,North,Premium,45583,90,0
C10849,Customer_850,54,West,Standard,110774,75,0
C10850,Customer_851,38,North,Premium,163335,37,0
C10851,Customer_852,50,Central,Standard,151374,53,0
C10852,Customer_853,35,South,Premium,223522,86,0
C10853,Customer_854,47,Central,Standard,245357,39,0
C10854,Customer_855,54,West,Standard,175528,108,0
C10855,Customer_856,58,Central,Premium,116118,83,0
C10856,Customer_857,53,West,Standard,90942,113,0
C10857,Customer_858,44,West,Standard,38689,97,0
C10858,Customer_859,35,West,Business,189006,59,0
C10859,Customer_860,50,West,Standard,58276,10,0
C10860,Customer_861,62,West,Standard,126968,81,0
C10861,Customer_862,37,South,Premium,175945,97,0
C10862,Customer_863,25,North,Premium,38050,119,1
C10863,Customer_864,49,East,Premium,91216,96,1
C10864,Customer_865,24,North,Standard,240516,112,0
C10865,Customer_866,30,West,Premium,109040,22,0
C10866,Customer_867,37,South,Standard,46644,105,0
C10867,Customer_868,30,Central,Premium,87021,55,0
C10868,Customer_869,37,South,Business,193197,14,0
C10869,Customer_870,40,West,Premium,222971,51,1
C10870,Customer_871,44,South,Premium,67291,19,1
C10871,Customer_872,25,South,Standard,191132,66,0
C10872,Customer_873,54,West,Premium,157610,44,0
C10873,Customer_874,26,South,Premium,192248,96,0
C10874,Customer_875,22,East,Standard,66520,31,0
C10875,Customer_876,33,East,Premium,50675,21,0
C10876,Customer_877,63,South,Standard,174359,112,0
C10877,Customer_878,63,Central,Premium,25174,13,0
C10878,Customer_879,68,West,Premium,117268,100,1
C10879,Customer_880,31,East,Premium,59998,52,0
C10880,Customer_881,67,Central,Standard,209384,73,0
C10881,Customer_882,43,South,Standard,168184,110,0
C10882,Customer_883,36,Central,Standard,130410,60,1
C10883,Customer_884,51,North,Business,100225,36,0
C10884,Customer_885,31,East,Standard,69814,22,0
C10885,Customer_886,36,South,Standard,110091,52,0
C10886,Customer_887,28,West,Premium,75719,104,1
C10887,Customer_888,24,South,Standard,154887,90,0
C10888,Customer_889,60,West,Premium,58919,12,0
C10889,Customer_890,24,South,Premium,98155,34,0
C10890,Customer_891,45,Central,Premium,96569,54,0
C10891,Customer_892,23,Central,Standard,66328,17,0
C10892,Customer_893,52,Central,Standard,226554,103,0
C10893,Customer_894,23,North,Standard,49618,86,0
C10894,Customer_895,47,West,Standard,59675,5,0
C10895,Customer_896,49,Central,Standard,43919,39,0
C10896,Customer_897,52,North,Standard,29173,42,0
C10897,Customer_898,70,West,Premium,134369,74,1
C10898,Customer_899,39,South,Premium,51400,42,0
C10899,Customer_900,41,North,Standard,206517,110,0
C10900,Customer_901,25,East,Premium,95305,58,1
C10901,Customer_902,38,North,Business,193636,25,0
C10902,Customer_903,48,North,Premium,201886,106,0
C10903,Customer_904,62,West,Premium,235819,13,0
C10904,Customer_905,42,South,Standard,113791,112,1
C10905,Customer_906,41,East,Standard,184034,66,0
C10906,Customer_907,26,Central,Standard,240964,10,0
C10907,Customer_908,21,Central,Standard,241914,95,0
C10908,Customer_909,25,North,Business,95533,96,0
C10909,Customer_910,61,West,Premium,212256,58,1
C10910,Customer_911,32,West,Standard,238984,62,0
C10911,Customer_912,46,Central,Standard,128591,12,1
C10912,Customer_913,66,East,Premium,166650,41,0
C10913,Customer_914,54,South,Standard,156060,30,0
C10914,Customer_915,69,East,Standard,174696,51,0
C10915,Customer_916,34,South,Premium,64194,38,1
C10916,Customer_917,46,Central,Standard,134903,15,0
C10917,Customer_918,65,South,Standard,156461,98,1
C10918,Customer_919,47,West,Standard,124303,38,0
C10919,Customer_920,29,North,Premium,138903,103,0
C10920,Customer_921,46,North,Standard,92391,28,0
C10921,Customer_922,67,Central,Standard,169866,88,0
C10922,Customer_923,42,West,Standard,83002,6,1
C10923,Customer_924,67,East,Standard,60531,97,0
C10924,Customer_925,50,West,Standard,208887,84,1
C10925,Customer_926,63,North,Premium,29986,66,1
C10926,Customer_927,68,North,Standard,57298,40,0
C10927,Customer_928,37,West,Premium,26481,90,1
C10928,Customer_929,46,West,Standard,81408,89,1
C10929,Customer_930,56,North,Standard,225339,24,0
C10930,Customer_931,21,East,Standard,146950,4,0
C10931,Customer_932,28,Central,Standard,172907,33,1
C10932,Customer_933,69,Central,Standard,150355,13,0
C10933,Customer_934,55,West,Standard,52798,94,0
C10934,Customer_935,35,Central,Standard,116649,48,0
C10935,Customer_936,67,North,Premium,89887,98,0
C10936,Customer_937,42,North,Standard,44477,64,1
C10937,Customer_938,34,West,Premium,173338,71,0
C10938,Customer_939,46,West,Business,242400,66,0
C10939,Customer_940,48,West,Standard,242060,104,0
C10940,Customer_941,43,East,Standard,152815,12,0
C10941,Customer_942,34,Central,Standard,199598,42,0
C10942,Customer_943,44,West,Standard,152426,112,0
C10943,Customer_944,22,South,Standard,167961,26,0
C10944,Customer_945,65,South,Premium,49335,101,0
C10945,Customer_946,46,North,Standard,167326,46,1
C10946,Customer_947,34,Central,Standard,111610,114,1
C10947,Customer_948,27,West,Premium,36442,62,0
C10948,Customer_949,23,South,Standard,71289,64,0
C10949,Customer_950,67,Central,Premium,78747,89,0
C10950,Customer_951,43,North,Standard,62327,19,0
C10951,Customer_952,66,East,Standard,172271,67,0
C10952,Customer_953,63,Central,Standard,97827,97,1
C10953,Customer_954,67,Central,Standard,131464,97,0
C10954,Customer_955,65,East,Business,156184,108,1
C10955,Customer_956,38,Central,Standard,112051,59,0
C10956,Customer_957,58,North,Business,175653,57,0
C10957,Customer_958,55,North,Standard,84722,108,0
C10958,Customer_959,35,East,Standard,117036,55,0
C10959,Customer_960,45,West,Standard,172595,58,1
C10960,Customer_961,57,South,Standard,91960,100,0
C10961,Customer_962,48,West,Business,44552,11,0
C10962,Customer_963,30,Central,Standard,166880,24,0
C10963,Customer_964,59,South,Standard,228597,15,0
C10964,Customer_965,37,East,Standard,179692,91,0
C10965,Customer_966,59,East,Standard,25887,50,0
C10966,Customer_967,42,South,Standard,56802,20,0
C10967,Customer_968,46,North,Standard,110024,117,0
C10968,Customer_969,64,South,Premium,143639,78,0
C10969,Customer_970,45,Central,Standard,143248,42,0
C10970,Customer_971,37,North,Standard,106938,19,0
C10971,Customer_972,33,East,Standard,242813,17,0
C10972,Customer_973,40,South,Standard,147746,108,0
C10973,Customer_974,45,West,Business,51049,17,0
C10974,Customer_975,24,West,Standard,102789,81,1
C10975,Customer_976,30,Central,Standard,109526,65,0
C10976,Customer_977,23,West,Premium,163918,41,1
C10977,Customer_978,61,South,Standard,246635,15,1
C10978,Customer_979,65,South,Standard,71220,83,0
C10979,Customer_980,38,West,Business,71163,34,0
C10980,Customer_981,67,South,Premium,159837,11,1
C10981,Customer_982,56,Central,Business,142126,42,1
C10982,Customer_983,67,North,Standard,106486,22,1
C10983,Customer_984,42,Central,Standard,201342,92,0
C10984,Customer_985,54,Central,Standard,100277,93,1
C10985,Customer_986,67,South,Standard,244350,87,1
C10986,Customer_987,28,North,Premium,246311,84,0
C10987,Customer_988,60,South,Standard,129245,79,0
C10988,Customer_989,69,East,Premium,147332,82,0
C10989,Customer_990,64,South,Premium,47931,75,1
C10990,Customer_991,39,South,Standard,114116,65,0
C10991,Customer_992,62,South,Standard,80633,78,0
C10992,Customer_993,61,North,Premium,236774,46,0
C10993,Customer_994,57,South,Standard,76913,40,0
C10994,Customer_995,26,North,Premium,119776,85,0
C10995,Customer_996,46,West,Standard,50991,62,1
C10996,Customer_997,54,East,Standard,210917,73,0
C10997,Customer_998,65,North,Standard,129092,101,0
C10998,Customer_999,26,West,Business,211384,50,0
C10999,Customer_1000,57,North,Standard,166633,20,1
