product_id,customer_id,product_type,start_date,status
P1,C10662,Loan,2025-09-24,Active
P2,C10841,Savings,2022-03-15,Active
P3,C10570,Insurance,2024-03-11,Active
P4,C10309,Loan,2023-09-18,Closed
P5,C10358,Insurance,2025-10-30,Active
P6,C10295,Investment,2022-05-31,Active
P7,C10918,Investment,2024-06-13,Active
P8,C10091,Savings,2022-09-14,Active
P9,C10478,Investment,2024-07-27,Pending
P10,C10118,Savings,2025-02-16,Active
P11,C10070,Savings,2024-03-17,Active
P12,C10322,Insurance,2022-02-11,Active
P13,C10918,Insurance,2022-11-19,Active
P14,C10422,Insurance,2023-03-22,Active
P15,C10454,Credit Card,2023-01-05,Closed
P16,C10158,Insurance,2024-06-07,Active
P17,C10584,Insurance,2025-01-18,Active
P18,C10720,Loan,2025-09-09,Active
P19,C10115,Investment,2023-08-09,Closed
P20,C10404,Loan,2023-02-20,Active
P21,C10721,Savings,2024-06-13,Active
P22,C10182,Savings,2025-02-11,Active
P23,C10174,Credit Card,2025-08-09,Active
P24,C10043,Investment,2025-06-30,Active
P25,C10486,Credit Card,2023-11-06,Active
P26,C10506,Credit Card,2023-07-20,Active
P27,C10482,Investment,2024-11-07,Closed
P28,C10669,Credit Card,2025-01-24,Active
P29,C10194,Savings,2025-03-08,Active
P30,C10370,Investment,2025-12-18,Active
P31,C10375,Insurance,2024-02-17,Active
P32,C10818,Credit Card,2025-05-15,Active
P33,C10805,Investment,2023-09-08,Pending
P34,C10850,Investment,2025-12-12,Active
P35,C10448,Investment,2022-12-10,Active
P36,C10025,Credit Card,2025-04-07,Closed
P37,C10364,Loan,2023-04-06,Active
P38,C10347,Insurance,2025-06-13,Active
P39,C10600,Investment,2023-09-13,Active
P40,C10138,Credit Card,2024-02-13,Active
P41,C10965,Savings,2023-12-07,Active
P42,C10024,Insurance,2023-04-02,Active
P43,C10370,Investment,2024-12-27,Pending
P44,C10504,Loan,2025-02-07,Active
P45,C10062,Investment,2025-03-16,Closed
P46,C10214,Insurance,2025-06-22,Active
P47,C10698,Savings,2023-03-28,Active
P48,C10512,Insurance,2022-04-30,Active
P49,C10661,Investment,2025-10-09,Active
P50,C10456,Investment,2024-06-18,Pending
P51,C10290,Savings,2024-12-07,Active
P52,C10572,Insurance,2025-11-20,Active
P53,C10850,Insurance,2023-08-18,Active
P54,C10991,Savings,2024-12-23,Closed
P55,C10135,Credit Card,2024-09-06,Active
P56,C10941,Savings,2023-03-16,Closed
P57,C10162,Insurance,2022-09-18,Active
P58,C10254,Insurance,2025-09-07,Active
P59,C10741,Savings,2025-03-28,Active
P60,C10872,Investment,2025-10-30,Active
P61,C10419,Insurance,2022-01-08,Closed
P62,C10578,Credit Card,2025-07-05,Active
P63,C10742,Investment,2023-11-27,Active
P64,C10633,Credit Card,2025-10-30,Active
P65,C10412,Savings,2024-09-18,Active
P66,C10813,Insurance,2024-06-03,Active
P67,C10670,Savings,2022-09-24,Active
P68,C10840,Investment,2025-02-14,Active
P69,C10945,Insurance,2022-04-05,Active
P70,C10730,Savings,2022-11-27,Active
P71,C10965,Savings,2024-10-07,Active
P72,C10223,Loan,2024-12-07,Closed
P73,C10293,Investment,2025-07-15,Active
P74,C10426,Insurance,2025-08-18,Active
P75,C10789,Investment,2024-07-26,Closed
P76,C10433,Loan,2025-03-03,Active
P77,C10477,Investment,2025-11-24,Active
P78,C10035,Savings,2025-03-13,Closed
P79,C10350,Insurance,2022-11-25,Active
P80,C10826,Insurance,2023-01-18,Active
P81,C10118,Insurance,2024-01-30,Active
P82,C10390,Insurance,2024-10-06,Active
P83,C10956,Loan,2025-11-25,Active
P84,C10155,Insurance,2022-08-23,Active
P85,C10361,Investment,2024-08-06,Active
P86,C10174,Credit Card,2023-06-03,Active
P87,C10401,Loan,2023-07-30,Closed
P88,C10229,Loan,2025-12-18,Active
P89,C10680,Investment,2025-03-27,Active
P90,C10286,Investment,2024-10-19,Active
P91,C10984,Insurance,2022-02-27,Active
P92,C10612,Insurance,2025-10-10,Active
P93,C10525,Credit Card,2025-05-20,Active
P94,C10812,Insurance,2022-12-02,Active
P95,C10118,Loan,2023-11-21,Active
P96,C10793,Investment,2025-08-07,Active
P97,C10378,Credit Card,2024-07-06,Active
P98,C10266,Credit Card,2024-07-12,Closed
P99,C10736,Savings,2023-11-14,Active
P100,C10882,Credit Card,2025-10-22,Active
P101,C10289,Savings,2025-01-28,Closed
P102,C10884,Loan,2024-05-14,Pending
P103,C10361,Credit Card,2022-02-04,Active
P104,C10528,Insurance,2025-10-19,Active
P105,C10938,Investment,2022-01-15,Active
P106,C10323,Savings,2023-04-09,Active
P107,C10204,Savings,2022-06-12,Closed
P108,C10843,Loan,2022-10-02,Active
P109,C10052,Loan,2022-01-04,Active
P110,C10247,Loan,2024-02-14,Active
P111,C10667,Savings,2025-04-21,Active
P112,C10946,Insurance,2025-02-22,Closed
P113,C10076,Savings,2022-08-13,Pending
P114,C10976,Savings,2024-10-20,Active
P115,C10469,Loan,2025-04-24,Active
P116,C10753,Savings,2025-03-15,Active
P117,C10393,Investment,2023-03-19,Active
P118,C10445,Credit Card,2023-03-23,Active
P119,C10533,Insurance,2022-08-24,Closed
P120,C10685,Savings,2024-08-27,Active
P121,C10318,Credit Card,2024-10-14,Active
P122,C10615,Insurance,2023-03-16,Active
P123,C10714,Savings,2024-12-19,Active
P124,C10699,Investment,2023-08-03,Active
P125,C10754,Investment,2023-07-22,Closed
P126,C10439,Investment,2023-01-23,Active
P127,C10886,Credit Card,2023-11-14,Active
P128,C10132,Loan,2022-03-24,Active
P129,C10030,Savings,2022-06-12,Active
P130,C10930,Insurance,2024-02-03,Active
P131,C10312,Savings,2022-05-01,Closed
P132,C10019,Loan,2025-02-03,Active
P133,C10363,Insurance,2024-10-12,Active
P134,C10798,Credit Card,2023-06-29,Closed
P135,C10284,Savings,2023-03-19,Active
P136,C10977,Loan,2025-05-19,Active
P137,C10834,Credit Card,2024-02-23,Active
P138,C10905,Insurance,2023-02-17,Active
P139,C10232,Credit Card,2022-06-13,Pending
P140,C10530,Insurance,2023-02-25,Active
P141,C10612,Loan,2022-12-18,Closed
P142,C10425,Savings,2023-09-10,Active
P143,C10271,Investment,2025-08-10,Active
P144,C10912,Credit Card,2025-09-05,Closed
P145,C10139,Loan,2023-08-03,Active
P146,C10073,Insurance,2025-08-13,Closed
P147,C10100,Insurance,2025-02-10,Active
P148,C10508,Loan,2023-03-13,Active
P149,C10350,Credit Card,2023-04-16,Pending
P150,C10418,Investment,2024-02-18,Active
P151,C10590,Insurance,2022-12-24,Active
P152,C10661,Loan,2023-11-02,Active
P153,C10703,Credit Card,2025-08-29,Active
P154,C10173,Credit Card,2024-07-09,Pending
P155,C10407,Insurance,2024-09-21,Active
P156,C10954,Savings,2023-06-25,Pending
P157,C10039,Investment,2023-05-25,Active
P158,C10382,Savings,2023-07-17,Active
P159,C10252,Credit Card,2022-09-28,Active
P160,C10334,Investment,2025-02-06,Pending
P161,C10710,Insurance,2022-10-20,Active
P162,C10066,Investment,2024-11-25,Active
P163,C10571,Savings,2023-10-01,Active
P164,C10113,Loan,2022-10-19,Active
P165,C10052,Insurance,2024-09-23,Active
P166,C10259,Loan,2022-10-27,Closed
P167,C10210,Credit Card,2023-02-17,Active
P168,C10096,Investment,2023-10-14,Active
P169,C10635,Loan,2022-10-29,Active
P170,C10995,Investment,2022-01-14,Active
P171,C10499,Credit Card,2022-07-04,Active
P172,C10610,Insurance,2025-06-22,Active
P173,C10682,Savings,2023-01-01,Closed
P174,C10499,Investment,2025-08-21,Active
P175,C10123,Savings,2022-08-29,Pending
P176,C10561,Loan,2025-05-14,Active
P177,C10742,Loan,2025-01-02,Active
P178,C10643,Credit Card,2023-10-19,Closed
P179,C10138,Insurance,2024-05-23,Active
P180,C10404,Loan,2024-09-14,Closed
P181,C10180,Insurance,2023-05-04,Active
P182,C10470,Savings,2024-05-07,Active
P183,C10317,Loan,2022-08-13,Active
P184,C10697,Savings,2024-05-11,Active
P185,C10243,Insurance,2023-10-24,Active
P186,C10171,Savings,2022-08-30,Active
P187,C10673,Savings,2025-03-13,Active
P188,C10299,Investment,2024-09-06,Closed
P189,C10398,Insurance,2023-03-29,Active
P190,C10765,Credit Card,2022-01-12,Pending
P191,C10150,Loan,2025-09-03,Closed
P192,C10588,Credit Card,2023-12-31,Active
P193,C10318,Loan,2023-04-25,Closed
P194,C10812,Investment,2022-08-29,Active
P195,C10773,Loan,2024-10-04,Pending
P196,C10170,Savings,2023-10-17,Closed
P197,C10211,Loan,2023-07-19,Active
P198,C10855,Investment,2025-03-21,Active
P199,C10233,Loan,2024-10-10,Closed
P200,C10055,Loan,2023-04-26,Active
P201,C10108,Savings,2022-04-07,Active
P202,C10767,Investment,2023-04-06,Active
P203,C10203,Loan,2023-09-16,Pending
P204,C10073,Credit Card,2023-08-30,Pending
P205,C10342,Savings,2023-07-29,Active
P206,C10640,Investment,2024-11-18,Active
P207,C10397,Investment,2025-05-31,Active
P208,C10913,Credit Card,2024-02-22,Active
P209,C10923,Savings,2022-04-06,Active
P210,C10578,Credit Card,2025-09-01,Closed
P211,C10963,Credit Card,2025-08-04,Active
P212,C10356,Investment,2022-08-17,Active
P213,C10145,Loan,2022-11-05,Active
P214,C10880,Loan,2023-08-13,Active
P215,C10226,Loan,2025-05-13,Closed
P216,C10096,Savings,2024-11-06,Active
P217,C10797,Insurance,2024-02-20,Pending
P218,C10978,Savings,2024-10-31,Closed
P219,C10692,Savings,2022-04-17,Active
P220,C10179,Credit Card,2022-11-11,Active
P221,C10333,Investment,2024-09-06,Active
P222,C10610,Investment,2023-08-01,Active
P223,C10386,Loan,2023-07-15,Active
P224,C10462,Insurance,2023-04-28,Closed
P225,C10184,Loan,2022-07-12,Active
P226,C10119,Investment,2024-08-17,Active
P227,C10964,Insurance,2023-03-01,Pending
P228,C10101,Investment,2025-01-20,Active
P229,C10876,Investment,2025-01-10,Active
P230,C10628,Loan,2025-09-13,Active
P231,C10043,Insurance,2022-10-29,Active
P232,C10403,Credit Card,2022-10-29,Active
P233,C10592,Savings,2024-11-28,Active
P234,C10947,Insurance,2022-10-18,Active
P235,C10583,Savings,2024-03-05,Active
P236,C10210,Credit Card,2023-03-15,Closed
P237,C10778,Investment,2023-05-18,Active
P238,C10405,Credit Card,2022-04-18,Pending
P239,C10561,Investment,2025-04-07,Active
P240,C10199,Savings,2024-03-19,Active
P241,C10755,Credit Card,2023-12-18,Closed
P242,C10144,Credit Card,2024-04-02,Closed
P243,C10961,Loan,2022-07-03,Closed
P244,C10862,Investment,2022-05-13,Pending
P245,C10698,Loan,2024-07-11,Active
P246,C10023,Savings,2024-11-06,Active
P247,C10103,Investment,2022-04-11,Active
P248,C10409,Savings,2022-12-21,Active
P249,C10443,Insurance,2022-05-01,Active
P250,C10115,Savings,2024-07-15,Active
P251,C10719,Insurance,2023-05-12,Active
P252,C10487,Credit Card,2025-11-09,Active
P253,C10836,Savings,2025-01-26,Active
P254,C10882,Investment,2024-11-13,Active
P255,C10538,Investment,2022-07-20,Active
P256,C10922,Savings,2023-08-20,Active
P257,C10867,Credit Card,2022-03-13,Closed
P258,C10140,Loan,2024-01-10,Active
P259,C10951,Investment,2025-08-05,Closed
P260,C10214,Savings,2025-01-26,Active
P261,C10489,Loan,2022-12-30,Closed
P262,C10475,Investment,2023-05-14,Closed
P263,C10880,Loan,2025-04-24,Closed
P264,C10922,Savings,2025-07-20,Active
P265,C10009,Loan,2025-09-15,Closed
P266,C10381,Investment,2022-01-04,Active
P267,C10677,Savings,2024-09-21,Active
P268,C10192,Insurance,2025-12-31,Closed
P269,C10336,Insurance,2023-03-15,Active
P270,C10075,Credit Card,2025-08-22,Closed
P271,C10488,Savings,2022-03-16,Active
P272,C10538,Investment,2022-05-23,Closed
P273,C10003,Investment,2024-09-08,Active
P274,C10707,Savings,2025-01-18,Closed
P275,C10054,Savings,2025-07-17,Active
P276,C10712,Credit Card,2025-04-22,Active
P277,C10410,Credit Card,2023-12-05,Active
P278,C10653,Loan,2025-05-04,Active
P279,C10507,Loan,2022-09-21,Pending
P280,C10581,Credit Card,2022-02-04,Active
P281,C10779,Credit Card,2022-08-24,Closed
P282,C10579,Investment,2022-07-14,Pending
P283,C10615,Savings,2022-06-19,Closed
P284,C10464,Loan,2024-08-24,Active
P285,C10346,Investment,2024-01-23,Pending
P286,C10318,Savings,2023-04-20,Pending
P287,C10091,Loan,2023-10-11,Closed
P288,C10558,Insurance,2023-07-23,Closed
P289,C10552,Savings,2024-12-15,Active
P290,C10345,Investment,2025-08-15,Active
P291,C10979,Credit Card,2025-08-22,Active
P292,C10058,Loan,2023-04-12,Active
P293,C10790,Credit Card,2023-12-24,Active
P294,C10879,Insurance,2023-12-26,Active
P295,C10759,Credit Card,2023-12-26,Pending
P296,C10960,Investment,2023-09-18,Active
P297,C10635,Savings,2024-07-27,Active
P298,C10922,Savings,2022-08-13,Active
P299,C10627,Insurance,2025-04-28,Active
P300,C10650,Loan,2023-03-26,Active
P301,C10112,Investment,2025-09-22,Active
P302,C10170,Insurance,2023-12-28,Active
P303,C10750,Investment,2023-09-07,Active
P304,C10416,Loan,2023-06-28,Active
P305,C10127,Insurance,2022-03-03,Closed
P306,C10137,Savings,2022-02-13,Active
P307,C10520,Investment,2022-12-13,Closed
P308,C10757,Insurance,2022-06-12,Active
P309,C10368,Loan,2022-02-06,Active
P310,C10914,Investment,2024-04-20,Closed
P311,C10477,Savings,2023-11-06,Active
P312,C10095,Investment,2022-08-24,Active
P313,C10572,Loan,2024-09-13,Active
P314,C10507,Insurance,2022-05-24,Active
P315,C10648,Insurance,2022-10-27,Active
P316,C10252,Credit Card,2023-03-29,Active
P317,C10622,Savings,2023-08-29,Active
P318,C10678,Credit Card,2025-05-12,Active
P319,C10812,Insurance,2025-10-24,Active
P320,C10103,Insurance,2024-03-22,Active
P321,C10421,Investment,2024-08-16,Active
P322,C10039,Insurance,2023-03-25,Active
P323,C10568,Insurance,2022-01-08,Active
P324,C10199,Investment,2023-06-19,Active
P325,C10553,Savings,2025-11-24,Active
P326,C10544,Loan,2024-01-13,Active
P327,C10007,Credit Card,2022-08-12,Pending
P328,C10946,Savings,2024-11-23,Active
P329,C10897,Investment,2023-06-24,Closed
P330,C10390,Credit Card,2022-05-07,Active
P331,C10760,Credit Card,2023-09-05,Active
P332,C10374,Investment,2022-04-13,Active
P333,C10340,Loan,2024-03-31,Active
P334,C10754,Insurance,2024-12-27,Active
P335,C10486,Credit Card,2024-08-24,Active
P336,C10394,Loan,2023-06-29,Active
P337,C10285,Credit Card,2023-05-13,Pending
P338,C10252,Savings,2022-11-04,Closed
P339,C10028,Credit Card,2025-10-24,Active
P340,C10487,Insurance,2023-12-25,Closed
P341,C10193,Insurance,2025-11-16,Closed
P342,C10245,Loan,2025-04-13,Active
P343,C10343,Investment,2023-02-05,Pending
P344,C10083,Savings,2023-10-18,Active
P345,C10520,Credit Card,2024-02-04,Active
P346,C10649,Credit Card,2022-05-23,Active
P347,C10997,Loan,2023-07-03,Closed
P348,C10431,Savings,2025-02-23,Active
P349,C10573,Savings,2022-07-19,Active
P350,C10366,Loan,2023-06-01,Active
P351,C10983,Savings,2025-04-07,Active
P352,C10924,Investment,2025-11-03,Active
P353,C10648,Savings,2022-04-02,Active
P354,C10014,Credit Card,2022-12-14,Active
P355,C10272,Loan,2025-07-10,Active
P356,C10359,Credit Card,2025-12-25,Closed
P357,C10446,Savings,2024-05-02,Closed
P358,C10402,Loan,2022-04-11,Active
P359,C10893,Savings,2023-05-25,Active
P360,C10513,Credit Card,2025-12-31,Active
P361,C10033,Savings,2023-06-25,Active
P362,C10888,Savings,2025-05-21,Active
P363,C10755,Credit Card,2025-09-13,Active
P364,C10410,Investment,2023-07-27,Closed
P365,C10194,Loan,2023-08-15,Closed
P366,C10198,Savings,2023-06-08,Closed
P367,C10300,Insurance,2022-09-07,Active
P368,C10813,Credit Card,2023-04-25,Active
P369,C10601,Insurance,2024-01-10,Active
P370,C10122,Savings,2025-08-12,Closed
P371,C10651,Savings,2022-12-02,Active
P372,C10367,Savings,2025-12-17,Pending
P373,C10015,Loan,2023-11-11,Active
P374,C10600,Credit Card,2023-06-17,Active
P375,C10246,Credit Card,2025-04-21,Active
P376,C10366,Savings,2022-07-20,Active
P377,C10357,Insurance,2025-10-28,Pending
P378,C10130,Credit Card,2024-11-10,Active
P379,C10758,Investment,2024-10-28,Active
P380,C10246,Investment,2025-09-13,Active
P381,C10391,Insurance,2025-08-12,Active
P382,C10995,Savings,2025-04-26,Active
P383,C10457,Insurance,2022-01-19,Active
P384,C10106,Investment,2024-03-28,Active
P385,C10862,Loan,2022-04-15,Active
P386,C10529,Loan,2023-07-22,Active
P387,C10821,Insurance,2022-05-05,Active
P388,C10431,Investment,2024-07-16,Active
P389,C10865,Savings,2023-03-05,Active
P390,C10655,Loan,2022-03-11,Closed
P391,C10820,Investment,2022-12-11,Pending
P392,C10661,Investment,2022-04-09,Active
P393,C10485,Savings,2022-06-02,Active
P394,C10560,Insurance,2022-04-12,Active
P395,C10115,Savings,2024-08-31,Closed
P396,C10915,Insurance,2025-10-08,Active
P397,C10402,Loan,2023-03-14,Closed
P398,C10256,Savings,2025-11-24,Pending
P399,C10241,Credit Card,2025-02-19,Active
P400,C10121,Investment,2022-05-17,Active
P401,C10678,Loan,2022-08-31,Active
P402,C10928,Loan,2023-07-29,Active
P403,C10865,Investment,2024-08-08,Active
P404,C10680,Investment,2024-06-28,Pending
P405,C10230,Credit Card,2024-07-20,Active
P406,C10434,Insurance,2023-12-29,Active
P407,C10278,Credit Card,2024-06-05,Pending
P408,C10932,Credit Card,2022-07-22,Active
P409,C10493,Loan,2022-07-29,Active
P410,C10527,Investment,2022-12-15,Closed
P411,C10773,Loan,2022-04-11,Closed
P412,C10266,Investment,2022-12-12,Active
P413,C10266,Credit Card,2024-10-16,Active
P414,C10969,Credit Card,2024-10-21,Active
P415,C10193,Credit Card,2024-06-01,Closed
P416,C10135,Savings,2024-10-31,Active
P417,C10940,Loan,2024-08-13,Pending
P418,C10218,Investment,2022-02-08,Active
P419,C10608,Investment,2022-09-17,Active
P420,C10545,Insurance,2025-08-25,Active
P421,C10743,Loan,2024-06-23,Active
P422,C10770,Credit Card,2022-02-16,Active
P423,C10253,Insurance,2025-09-27,Active
P424,C10191,Investment,2025-01-21,Pending
P425,C10655,Credit Card,2023-03-16,Pending
P426,C10613,Credit Card,2022-05-27,Closed
P427,C10815,Credit Card,2023-02-10,Active
P428,C10531,Savings,2022-10-24,Closed
P429,C10699,Credit Card,2022-09-01,Active
P430,C10803,Investment,2024-02-21,Active
P431,C10509,Credit Card,2023-03-04,Active
P432,C10346,Credit Card,2022-11-11,Active
P433,C10739,Loan,2024-06-25,Active
P434,C10324,Insurance,2025-11-03,Active
P435,C10417,Credit Card,2023-01-30,Active
P436,C10163,Savings,2023-08-06,Closed
P437,C10042,Loan,2023-08-11,Active
P438,C10591,Insurance,2025-01-18,Active
P439,C10921,Investment,2022-02-01,Active
P440,C10545,Insurance,2023-09-25,Active
P441,C10584,Insurance,2024-03-22,Pending
P442,C10304,Loan,2025-01-15,Active
P443,C10028,Investment,2025-10-05,Active
P444,C10152,Loan,2023-02-08,Active
P445,C10012,Loan,2023-09-15,Closed
P446,C10346,Savings,2023-04-03,Active
P447,C10939,Credit Card,2024-11-27,Closed
P448,C10449,Loan,2022-05-16,Active
P449,C10902,Insurance,2024-08-14,Active
P450,C10442,Investment,2023-11-17,Active
P451,C10208,Credit Card,2023-10-24,Active
P452,C10480,Loan,2025-05-16,Active
P453,C10017,Savings,2025-03-23,Pending
P454,C10081,Credit Card,2022-03-17,Active
P455,C10702,Credit Card,2025-07-22,Closed
P456,C10414,Investment,2024-07-06,Active
P457,C10922,Investment,2024-05-04,Active
P458,C10603,Investment,2023-01-28,Closed
P459,C10428,Investment,2024-07-03,Active
P460,C10100,Loan,2022-07-14,Active
P461,C10827,Insurance,2022-07-26,Active
P462,C10532,Insurance,2024-08-18,Closed
P463,C10955,Loan,2022-01-31,Active
P464,C10792,Insurance,2024-11-16,Closed
P465,C10855,Investment,2022-08-02,Active
P466,C10781,Insurance,2022-09-21,Closed
P467,C10198,Loan,2025-11-28,Closed
P468,C10710,Insurance,2022-06-06,Active
P469,C10786,Insurance,2023-11-02,Closed
P470,C10380,Savings,2025-12-11,Active
P471,C10899,Insurance,2022-04-02,Closed
P472,C10630,Credit Card,2022-05-23,Active
P473,C10199,Credit Card,2024-02-08,Active
P474,C10453,Insurance,2023-02-27,Active
P475,C10290,Loan,2025-11-26,Pending
P476,C10107,Investment,2022-11-24,Active
P477,C10479,Investment,2025-07-28,Active
P478,C10449,Loan,2022-03-05,Active
P479,C10208,Insurance,2023-06-09,Active
P480,C10337,Credit Card,2024-06-13,Closed
P481,C10921,Insurance,2025-09-30,Active
P482,C10355,Insurance,2023-12-01,Closed
P483,C10427,Loan,2025-11-15,Closed
P484,C10847,Insurance,2024-07-26,Active
P485,C10043,Loan,2025-01-29,Active
P486,C10428,Credit Card,2024-03-11,Active
P487,C10776,Insurance,2025-03-31,Active
P488,C10643,Savings,2023-05-04,Active
P489,C10469,Credit Card,2025-04-04,Active
P490,C10478,Investment,2023-03-11,Active
P491,C10641,Loan,2023-09-08,Active
P492,C10326,Savings,2023-03-20,Active
P493,C10337,Credit Card,2024-03-24,Active
P494,C10154,Savings,2023-06-17,Active
P495,C10300,Credit Card,2025-07-25,Active
P496,C10718,Loan,2024-04-09,Active
P497,C10903,Insurance,2023-12-15,Active
P498,C10840,Credit Card,2023-12-18,Active
P499,C10027,Loan,2023-01-08,Active
P500,C10685,Investment,2023-10-09,Active
P501,C10530,Credit Card,2025-04-27,Active
P502,C10616,Credit Card,2023-01-28,Active
P503,C10569,Insurance,2025-01-08,Active
P504,C10143,Investment,2024-08-12,Active
P505,C10759,Loan,2022-07-10,Active
P506,C10249,Loan,2024-11-27,Active
P507,C10740,Savings,2022-08-22,Active
P508,C10148,Savings,2024-09-30,Active
P509,C10161,Savings,2022-08-21,Active
P510,C10673,Insurance,2023-07-15,Active
P511,C10153,Loan,2025-02-21,Active
P512,C10536,Insurance,2025-05-01,Pending
P513,C10533,Investment,2023-06-22,Active
P514,C10853,Insurance,2023-09-21,Active
P515,C10792,Insurance,2024-11-30,Active
P516,C10147,Credit Card,2022-12-10,Active
P517,C10858,Savings,2022-11-11,Active
P518,C10801,Insurance,2025-01-21,Pending
P519,C10037,Credit Card,2023-10-27,Active
P520,C10589,Credit Card,2024-02-17,Pending
P521,C10390,Loan,2024-08-10,Active
P522,C10321,Investment,2022-09-27,Active
P523,C10888,Savings,2022-08-17,Active
P524,C10552,Investment,2025-06-27,Closed
P525,C10177,Savings,2024-02-21,Closed
P526,C10809,Savings,2025-06-19,Active
P527,C10071,Investment,2023-08-24,Pending
P528,C10332,Credit Card,2022-12-29,Closed
P529,C10931,Credit Card,2023-04-22,Active
P530,C10101,Loan,2022-05-25,Active
P531,C10191,Insurance,2022-01-30,Pending
P532,C10446,Credit Card,2024-01-31,Active
P533,C10633,Insurance,2022-02-16,Active
P534,C10876,Investment,2022-02-28,Active
P535,C10401,Loan,2025-04-13,Active
P536,C10186,Loan,2022-05-24,Active
P537,C10348,Savings,2022-08-01,Active
P538,C10389,Investment,2025-05-03,Active
P539,C10534,Insurance,2022-12-18,Active
P540,C10309,Credit Card,2022-11-15,Pending
P541,C10095,Savings,2023-10-11,Active
P542,C10830,Insurance,2023-06-15,Active
P543,C10712,Credit Card,2022-06-21,Active
P544,C10429,Loan,2022-11-07,Active
P545,C10671,Savings,2022-10-02,Closed
P546,C10979,Credit Card,2022-01-25,Active
P547,C10888,Insurance,2025-06-03,Pending
P548,C10930,Insurance,2025-04-29,Active
P549,C10329,Credit Card,2025-06-21,Pending
P550,C10390,Credit Card,2022-03-22,Active
P551,C10583,Insurance,2023-05-02,Active
P552,C10906,Loan,2024-11-29,Active
P553,C10602,Investment,2023-05-31,Active
P554,C10155,Savings,2023-01-23,Active
P555,C10604,Savings,2022-04-25,Active
P556,C10387,Savings,2025-07-18,Pending
P557,C10349,Loan,2022-10-20,Active
P558,C10278,Credit Card,2024-10-28,Closed
P559,C10956,Credit Card,2024-10-23,Closed
P560,C10918,Credit Card,2024-03-07,Active
P561,C10397,Investment,2023-01-11,Active
P562,C10173,Loan,2023-06-18,Active
P563,C10629,Loan,2025-11-01,Active
P564,C10049,Loan,2023-10-18,Closed
P565,C10023,Investment,2025-10-28,Active
P566,C10638,Credit Card,2023-03-27,Active
P567,C10598,Credit Card,2023-04-15,Active
P568,C10172,Loan,2024-02-01,Active
P569,C10809,Credit Card,2023-05-27,Active
P570,C10356,Insurance,2024-04-07,Active
P571,C10496,Insurance,2024-01-29,Active
P572,C10945,Savings,2024-08-10,Active
P573,C10184,Savings,2023-02-25,Active
P574,C10047,Loan,2023-01-26,Active
P575,C10065,Investment,2024-04-16,Active
P576,C10323,Loan,2024-02-03,Active
P577,C10720,Credit Card,2022-01-20,Pending
P578,C10555,Savings,2022-10-05,Active
P579,C10905,Savings,2025-02-17,Active
P580,C10961,Loan,2023-09-23,Active
P581,C10855,Loan,2023-03-08,Active
P582,C10595,Credit Card,2022-02-14,Closed
P583,C10805,Savings,2024-01-14,Active
P584,C10063,Credit Card,2023-12-15,Active
P585,C10988,Savings,2024-06-12,Pending
P586,C10851,Savings,2024-09-27,Closed
P587,C10656,Insurance,2022-06-25,Active
P588,C10217,Investment,2023-02-21,Pending
P589,C10874,Savings,2023-01-22,Active
P590,C10621,Credit Card,2022-12-04,Active
P591,C10333,Investment,2022-03-19,Active
P592,C10849,Investment,2024-11-28,Active
P593,C10751,Investment,2024-08-05,Active
P594,C10722,Investment,2022-12-22,Active
P595,C10851,Investment,2024-01-21,Active
P596,C10984,Savings,2024-09-06,Active
P597,C10295,Investment,2023-10-25,Active
P598,C10254,Loan,2023-11-15,Closed
P599,C10299,Insurance,2022-06-22,Active
P600,C10812,Loan,2022-11-17,Active
P601,C10601,Savings,2024-02-24,Pending
P602,C10002,Loan,2022-02-23,Active
P603,C10715,Credit Card,2022-11-01,Active
P604,C10389,Loan,2025-08-07,Active
P605,C10855,Loan,2022-01-17,Active
P606,C10514,Investment,2025-03-14,Active
P607,C10560,Insurance,2024-01-02,Closed
P608,C10201,Loan,2022-02-23,Active
P609,C10487,Insurance,2022-06-29,Closed
P610,C10425,Loan,2025-05-08,Closed
P611,C10112,Savings,2023-10-11,Closed
P612,C10077,Insurance,2023-02-16,Active
P613,C10624,Insurance,2023-03-28,Active
P614,C10641,Savings,2025-10-24,Active
P615,C10593,Insurance,2022-05-13,Active
P616,C10023,Investment,2023-10-27,Active
P617,C10193,Savings,2022-03-05,Active
P618,C10032,Insurance,2025-04-19,Pending
P619,C10847,Loan,2023-12-31,Active
P620,C10809,Loan,2022-06-30,Pending
P621,C10302,Savings,2024-03-25,Active
P622,C10669,Investment,2024-11-22,Active
P623,C10222,Savings,2025-12-27,Active
P624,C10853,Insurance,2023-11-20,Active
P625,C10848,Credit Card,2024-04-09,Active
P626,C10292,Loan,2024-08-13,Active
P627,C10095,Insurance,2022-03-26,Closed
P628,C10619,Savings,2025-12-24,Closed
P629,C10851,Insurance,2022-10-26,Active
P630,C10711,Credit Card,2023-09-17,Active
P631,C10232,Insurance,2023-01-16,Active
P632,C10633,Credit Card,2025-09-09,Closed
P633,C10479,Savings,2022-11-17,Active
P634,C10233,Credit Card,2023-05-22,Closed
P635,C10371,Credit Card,2022-08-12,Active
P636,C10605,Savings,2024-07-11,Pending
P637,C10296,Investment,2024-02-17,Active
P638,C10282,Insurance,2025-07-17,Active
P639,C10482,Credit Card,2025-12-28,Pending
P640,C10654,Loan,2024-04-29,Active
P641,C10606,Loan,2024-08-17,Closed
P642,C10149,Investment,2022-01-24,Active
P643,C10300,Investment,2024-03-12,Closed
P644,C10489,Loan,2024-08-21,Active
P645,C10963,Loan,2022-11-17,Pending
P646,C10477,Loan,2024-10-18,Active
P647,C10261,Insurance,2023-12-03,Pending
P648,C10968,Credit Card,2025-12-12,Closed
P649,C10200,Loan,2024-08-19,Active
P650,C10989,Credit Card,2024-01-09,Active
P651,C10180,Investment,2023-03-04,Pending
P652,C10802,Savings,2022-01-02,Closed
P653,C10071,Insurance,2022-12-30,Closed
P654,C10873,Investment,2025-11-23,Active
P655,C10355,Loan,2022-11-16,Closed
P656,C10268,Investment,2022-02-25,Active
P657,C10466,Loan,2023-10-04,Pending
P658,C10707,Insurance,2025-02-06,Active
P659,C10482,Savings,2024-03-27,Active
P660,C10581,Insurance,2025-04-04,Closed
P661,C10641,Credit Card,2025-05-28,Closed
P662,C10741,Investment,2022-07-04,Active
P663,C10863,Investment,2023-02-20,Active
P664,C10203,Savings,2025-12-18,Active
P665,C10327,Insurance,2023-01-29,Active
P666,C10619,Credit Card,2023-01-06,Active
P667,C10020,Investment,2025-09-24,Active
P668,C10763,Credit Card,2023-05-04,Closed
P669,C10089,Loan,2025-07-13,Active
P670,C10653,Investment,2023-11-29,Active
P671,C10157,Credit Card,2025-12-26,Active
P672,C10730,Investment,2024-01-29,Active
P673,C10517,Insurance,2025-02-20,Active
P674,C10670,Savings,2022-08-07,Active
P675,C10386,Credit Card,2022-04-24,Active
P676,C10487,Savings,2023-04-24,Closed
P677,C10080,Insurance,2022-10-15,Active
P678,C10600,Savings,2022-01-25,Active
P679,C10844,Loan,2022-08-24,Active
P680,C10645,Credit Card,2023-03-05,Active
P681,C10869,Insurance,2022-12-17,Active
P682,C10124,Insurance,2023-11-27,Active
P683,C10582,Credit Card,2022-10-13,Active
P684,C10549,Savings,2022-03-28,Closed
P685,C10936,Credit Card,2023-01-16,Active
P686,C10418,Savings,2025-04-21,Active
P687,C10732,Credit Card,2024-04-18,Active
P688,C10427,Loan,2024-02-09,Active
P689,C10074,Investment,2025-03-10,Active
P690,C10836,Insurance,2023-03-13,Active
P691,C10580,Investment,2023-03-05,Active
P692,C10345,Credit Card,2022-07-27,Pending
P693,C10318,Insurance,2023-08-05,Pending
P694,C10980,Credit Card,2025-04-05,Closed
P695,C10033,Savings,2025-09-15,Active
P696,C10452,Loan,2024-01-23,Active
P697,C10614,Investment,2025-03-28,Active
P698,C10002,Insurance,2023-12-27,Active
P699,C10002,Insurance,2023-09-30,Active
P700,C10873,Insurance,2024-01-11,Active
P701,C10420,Investment,2023-03-11,Active
P702,C10280,Credit Card,2022-01-06,Closed
P703,C10262,Insurance,2023-03-22,Active
P704,C10485,Loan,2024-01-21,Active
P705,C10080,Credit Card,2025-08-01,Active
P706,C10607,Insurance,2024-07-15,Active
P707,C10971,Insurance,2025-06-13,Closed
P708,C10263,Loan,2023-08-11,Active
P709,C10153,Credit Card,2025-10-04,Active
P710,C10194,Investment,2022-07-02,Active
P711,C10159,Loan,2023-08-27,Closed
P712,C10696,Investment,2024-08-25,Active
P713,C10613,Insurance,2022-03-17,Closed
P714,C10965,Credit Card,2023-09-13,Active
P715,C10687,Loan,2023-04-30,Pending
P716,C10614,Insurance,2024-11-21,Active
P717,C10645,Loan,2025-07-27,Active
P718,C10041,Insurance,2022-10-22,Active
P719,C10465,Loan,2025-06-09,Active
P720,C10118,Loan,2022-05-11,Active
P721,C10746,Insurance,2024-02-17,Active
P722,C10817,Credit Card,2023-07-20,Active
P723,C10524,Savings,2022-11-01,Active
P724,C10778,Credit Card,2024-09-02,Closed
P725,C10382,Insurance,2025-04-18,Active
P726,C10917,Loan,2024-06-01,Active
P727,C10705,Insurance,2023-02-09,Pending
P728,C10601,Credit Card,2024-06-20,Pending
P729,C10522,Investment,2022-05-17,Active
P730,C10786,Loan,2024-06-26,Pending
P731,C10454,Insurance,2024-09-30,Closed
P732,C10087,Insurance,2022-03-10,Active
P733,C10872,Credit Card,2025-06-29,Active
P734,C10525,Savings,2022-05-03,Active
P735,C10608,Insurance,2025-11-03,Active
P736,C10202,Insurance,2025-07-20,Active
P737,C10695,Savings,2023-02-06,Pending
P738,C10259,Investment,2025-06-25,Active
P739,C10463,Savings,2024-06-25,Active
P740,C10916,Insurance,2025-04-15,Active
P741,C10137,Loan,2025-10-17,Pending
P742,C10474,Investment,2025-03-20,Active
P743,C10895,Insurance,2025-01-29,Closed
P744,C10560,Investment,2025-03-10,Active
P745,C10433,Investment,2022-11-28,Closed
P746,C10801,Loan,2024-04-06,Active
P747,C10648,Investment,2023-12-11,Active
P748,C10149,Credit Card,2024-03-31,Active
P749,C10433,Credit Card,2025-03-07,Active
P750,C10885,Investment,2025-06-16,Closed
P751,C10790,Loan,2025-03-27,Active
P752,C10583,Savings,2022-07-27,Active
P753,C10158,Insurance,2025-02-11,Pending
P754,C10971,Investment,2024-05-27,Active
P755,C10048,Credit Card,2023-07-07,Active
P756,C10277,Credit Card,2023-02-16,Pending
P757,C10173,Loan,2023-02-07,Active
P758,C10995,Insurance,2024-05-02,Active
P759,C10763,Credit Card,2024-01-25,Active
P760,C10309,Investment,2023-09-13,Active
P761,C10260,Loan,2024-05-28,Active
P762,C10145,Savings,2022-09-27,Active
P763,C10651,Investment,2022-05-17,Active
P764,C10750,Insurance,2024-01-20,Active
P765,C10117,Investment,2025-11-15,Active
P766,C10339,Loan,2023-07-19,Closed
P767,C10874,Savings,2024-08-04,Active
P768,C10708,Insurance,2024-05-31,Active
P769,C10807,Insurance,2025-12-31,Active
P770,C10812,Insurance,2024-04-07,Closed
P771,C10156,Credit Card,2023-02-08,Active
P772,C10121,Savings,2025-04-21,Active
P773,C10128,Credit Card,2022-12-15,Active
P774,C10721,Investment,2022-06-02,Active
P775,C10686,Savings,2024-01-17,Active
P776,C10361,Loan,2022-05-11,Active
P777,C10764,Savings,2025-08-12,Pending
P778,C10798,Credit Card,2024-09-05,Active
P779,C10520,Investment,2025-09-06,Active
P780,C10184,Insurance,2023-06-13,Active
P781,C10726,Loan,2023-04-28,Active
P782,C10388,Savings,2025-07-15,Active
P783,C10990,Insurance,2023-04-07,Active
P784,C10530,Credit Card,2025-08-26,Pending
P785,C10291,Loan,2024-02-06,Active
P786,C10581,Investment,2025-08-17,Pending
P787,C10296,Investment,2023-04-01,Active
P788,C10029,Credit Card,2023-06-09,Active
P789,C10770,Savings,2022-04-03,Active
P790,C10092,Investment,2024-11-05,Active
P791,C10538,Credit Card,2025-12-04,Active
P792,C10706,Savings,2022-05-26,Active
P793,C10933,Credit Card,2025-04-23,Active
P794,C10936,Savings,2022-06-17,Active
P795,C10048,Insurance,2025-03-14,Active
P796,C10455,Insurance,2024-11-02,Active
P797,C10646,Savings,2023-06-11,Active
P798,C10842,Investment,2023-05-01,Active
P799,C10417,Investment,2022-04-14,Active
P800,C10498,Insurance,2025-11-23,Active
P801,C10198,Loan,2022-07-22,Active
P802,C10006,Investment,2024-01-09,Active
P803,C10837,Loan,2022-04-30,Active
P804,C10766,Insurance,2024-04-03,Active
P805,C10317,Insurance,2023-08-12,Closed
P806,C10272,Insurance,2024-02-18,Active
P807,C10385,Loan,2025-09-03,Pending
P808,C10777,Insurance,2023-04-03,Active
P809,C10113,Investment,2023-01-14,Active
P810,C10892,Credit Card,2023-03-26,Active
P811,C10821,Loan,2022-03-05,Active
P812,C10509,Savings,2022-12-30,Active
P813,C10169,Savings,2022-05-15,Active
P814,C10693,Savings,2024-06-26,Closed
P815,C10405,Credit Card,2022-02-18,Active
P816,C10004,Credit Card,2022-09-11,Active
P817,C10463,Savings,2024-03-25,Closed
P818,C10748,Loan,2025-02-05,Closed
P819,C10026,Savings,2022-03-25,Closed
P820,C10327,Savings,2022-01-28,Active
P821,C10504,Loan,2025-04-11,Active
P822,C10716,Credit Card,2025-04-11,Active
P823,C10435,Investment,2025-06-06,Closed
P824,C10019,Investment,2025-05-25,Closed
P825,C10839,Loan,2023-03-10,Active
P826,C10872,Loan,2023-10-31,Active
P827,C10878,Loan,2024-07-14,Active
P828,C10332,Savings,2022-09-29,Active
P829,C10711,Loan,2024-12-05,Active
P830,C10170,Insurance,2022-03-01,Active
P831,C10010,Insurance,2023-01-28,Active
P832,C10814,Insurance,2022-06-23,Active
P833,C10483,Credit Card,2024-07-22,Active
P834,C10897,Loan,2022-11-24,Closed
P835,C10493,Insurance,2022-04-26,Active
P836,C10526,Investment,2025-08-01,Closed
P837,C10363,Insurance,2024-08-17,Active
P838,C10357,Insurance,2024-10-26,Active
P839,C10834,Investment,2025-05-26,Active
P840,C10303,Investment,2025-04-20,Closed
P841,C10239,Insurance,2023-11-03,Active
P842,C10157,Investment,2022-03-17,Closed
P843,C10539,Loan,2025-12-13,Closed
P844,C10849,Savings,2025-07-02,Active
P845,C10970,Credit Card,2023-11-22,Closed
P846,C10960,Insurance,2022-02-17,Active
P847,C10200,Savings,2024-08-18,Active
P848,C10934,Credit Card,2022-03-10,Active
P849,C10553,Insurance,2023-09-30,Active
P850,C10648,Savings,2025-06-25,Active
P851,C10952,Credit Card,2025-09-16,Closed
P852,C10008,Insurance,2023-08-23,Active
P853,C10546,Savings,2025-01-21,Active
P854,C10381,Savings,2022-11-02,Active
P855,C10061,Loan,2022-10-19,Active
P856,C10946,Investment,2023-03-08,Active
P857,C10089,Investment,2022-01-13,Active
P858,C10421,Insurance,2025-10-26,Active
P859,C10868,Savings,2024-08-25,Closed
P860,C10125,Savings,2022-04-12,Closed
P861,C10227,Savings,2022-11-27,Active
P862,C10050,Loan,2023-10-14,Active
P863,C10242,Investment,2024-07-03,Pending
P864,C10051,Investment,2023-01-22,Active
P865,C10423,Credit Card,2023-11-18,Active
P866,C10596,Loan,2022-07-30,Active
P867,C10755,Loan,2022-03-13,Active
P868,C10866,Savings,2024-03-14,Active
P869,C10903,Insurance,2022-11-12,Active
P870,C10374,Loan,2023-01-08,Active
P871,C10922,Insurance,2023-05-03,Active
P872,C10979,Investment,2022-04-11,Pending
P873,C10964,Investment,2023-04-10,Active
P874,C10021,Savings,2024-05-07,Active
P875,C10322,Investment,2023-09-24,Active
P876,C10070,Savings,2022-07-08,Active
P877,C10945,Investment,2022-07-07,Active
P878,C10225,Insurance,2024-08-29,Active
P879,C10615,Savings,2022-01-27,Active
P880,C10828,Investment,2023-01-14,Active
P881,C10626,Insurance,2023-02-09,Active
P882,C10784,Insurance,2025-02-25,Active
P883,C10711,Savings,2022-08-20,Pending
P884,C10823,Savings,2024-09-19,Active
P885,C10133,Savings,2022-01-11,Active
P886,C10884,Credit Card,2023-09-04,Active
P887,C10050,Investment,2023-08-09,Active
P888,C10534,Loan,2025-01-22,Active
P889,C10262,Loan,2025-11-08,Active
P890,C10081,Credit Card,2024-12-07,Active
P891,C10981,Savings,2025-04-20,Active
P892,C10210,Credit Card,2024-06-29,Active
P893,C10121,Savings,2022-01-06,Active
P894,C10262,Loan,2022-12-24,Closed
P895,C10273,Credit Card,2022-09-23,Active
P896,C10305,Insurance,2022-04-20,Closed
P897,C10025,Credit Card,2023-11-01,Active
P898,C10497,Credit Card,2023-01-22,Active
P899,C10136,Savings,2024-05-03,Active
P900,C10061,Investment,2023-04-25,Active
P901,C10488,Insurance,2023-08-07,Active
P902,C10175,Investment,2025-11-16,Active
P903,C10680,Savings,2022-09-29,Closed
P904,C10520,Savings,2023-12-24,Active
P905,C10912,Savings,2024-01-29,Closed
P906,C10647,Insurance,2022-10-28,Active
P907,C10657,Credit Card,2025-05-28,Active
P908,C10449,Investment,2025-12-17,Pending
P909,C10687,Loan,2023-08-08,Active
P910,C10340,Insurance,2022-10-20,Active
P911,C10089,Credit Card,2022-04-13,Active
P912,C10801,Investment,2025-05-28,Active
P913,C10434,Savings,2025-04-09,Active
P914,C10483,Investment,2025-05-23,Closed
P915,C10810,Insurance,2024-10-31,Active
P916,C10275,Credit Card,2025-04-25,Active
P917,C10497,Loan,2025-08-18,Active
P918,C10561,Investment,2022-06-12,Pending
P919,C10683,Credit Card,2025-06-26,Active
P920,C10049,Credit Card,2025-02-13,Active
P921,C10691,Investment,2023-11-21,Closed
P922,C10760,Savings,2023-06-09,Pending
P923,C10377,Loan,2025-07-31,Pending
P924,C10424,Insurance,2024-02-18,Active
P925,C10857,Credit Card,2025-03-23,Active
P926,C10348,Insurance,2024-11-30,Active
P927,C10960,Credit Card,2022-03-13,Active
P928,C10458,Loan,2022-03-22,Pending
P929,C10175,Savings,2025-10-04,Active
P930,C10817,Savings,2024-09-13,Active
P931,C10530,Insurance,2024-06-24,Active
P932,C10301,Insurance,2022-11-11,Active
P933,C10535,Investment,2025-05-03,Active
P934,C10975,Savings,2024-11-22,Active
P935,C10102,Insurance,2022-12-22,Active
P936,C10839,Loan,2024-11-06,Closed
P937,C10733,Credit Card,2023-06-26,Closed
P938,C10284,Savings,2022-08-16,Active
P939,C10734,Credit Card,2025-06-24,Pending
P940,C10830,Investment,2025-06-24,Active
P941,C10055,Loan,2024-12-06,Active
P942,C10895,Savings,2022-03-29,Active
P943,C10922,Credit Card,2025-04-19,Active
P944,C10977,Credit Card,2022-07-23,Active
P945,C10132,Credit Card,2025-09-21,Active
P946,C10739,Credit Card,2025-03-28,Active
P947,C10259,Investment,2023-11-07,Active
P948,C10235,Loan,2022-03-18,Active
P949,C10468,Loan,2025-08-07,Active
P950,C10449,Credit Card,2025-07-16,Active
P951,C10957,Credit Card,2025-06-09,Pending
P952,C10199,Credit Card,2023-09-11,Active
P953,C10185,Investment,2025-10-24,Pending
P954,C10302,Savings,2023-08-09,Active
P955,C10385,Credit Card,2022-06-13,Active
P956,C10845,Loan,2024-10-06,Active
P957,C10261,Insurance,2025-04-06,Active
P958,C10540,Loan,2022-03-10,Active
P959,C10576,Investment,2023-08-25,Closed
P960,C10323,Loan,2025-05-22,Active
P961,C10720,Loan,2022-06-05,Active
P962,C10111,Insurance,2023-05-31,Active
P963,C10823,Investment,2024-04-22,Active
P964,C10160,Loan,2024-12-09,Active
P965,C10597,Savings,2023-10-30,Active
P966,C10639,Investment,2025-07-25,Active
P967,C10373,Credit Card,2025-04-20,Active
P968,C10454,Credit Card,2025-12-08,Active
P969,C10999,Loan,2023-07-24,Closed
P970,C10080,Credit Card,2024-02-10,Active
P971,C10833,Investment,2023-08-06,Active
P972,C10319,Investment,2023-01-27,Active
P973,C10949,Savings,2023-08-18,Active
P974,C10259,Loan,2025-12-10,Active
P975,C10529,Loan,2023-06-28,Active
P976,C10451,Savings,2025-05-15,Pending
P977,C10649,Savings,2024-12-20,Active
P978,C10284,Credit Card,2025-12-01,Closed
P979,C10254,Investment,2025-10-18,Pending
P980,C10969,Insurance,2025-03-30,Closed
P981,C10716,Loan,2025-09-05,Active
P982,C10005,Insurance,2023-08-23,Pending
P983,C10215,Insurance,2022-03-19,Active
P984,C10215,Credit Card,2024-06-18,Active
P985,C10720,Insurance,2025-07-18,Active
P986,C10114,Loan,2025-12-31,Active
P987,C10469,Savings,2022-03-13,Closed
P988,C10138,Credit Card,2025-03-21,Active
P989,C10256,Insurance,2022-02-08,Closed
P990,C10728,Savings,2022-05-02,Active
P991,C10738,Investment,2025-04-18,Active
P992,C10097,Savings,2025-09-19,Active
P993,C10169,Credit Card,2025-05-05,Pending
P994,C10084,Loan,2025-07-22,Active
P995,C10405,Insurance,2022-07-25,Pending
P996,C10088,Insurance,2022-10-29,Pending
P997,C10449,Savings,2024-10-18,Closed
P998,C10681,Insurance,2022-08-18,Active
P999,C10849,Credit Card,2023-10-24,Active
P1000,C10530,Savings,2024-12-28,Active
P1001,C10919,Insurance,2025-09-21,Active
P1002,C10379,Insurance,2024-05-02,Closed
P1003,C10296,Credit Card,2022-04-06,Closed
P1004,C10776,Loan,2022-03-29,Closed
P1005,C10959,Credit Card,2022-02-03,Active
P1006,C10580,Credit Card,2023-03-21,Active
P1007,C10838,Credit Card,2025-07-13,Closed
P1008,C10638,Savings,2022-10-24,Closed
P1009,C10930,Loan,2024-10-01,Active
P1010,C10409,Savings,2023-07-17,Active
P1011,C10695,Savings,2023-03-23,Active
P1012,C10168,Savings,2023-07-11,Active
P1013,C10059,Investment,2025-09-26,Active
P1014,C10595,Credit Card,2022-12-05,Active
P1015,C10296,Insurance,2025-08-30,Active
P1016,C10542,Savings,2024-10-14,Active
P1017,C10107,Investment,2024-12-25,Closed
P1018,C10116,Credit Card,2024-11-12,Active
P1019,C10355,Savings,2023-07-14,Active
P1020,C10122,Savings,2024-05-12,Active
P1021,C10672,Credit Card,2023-10-20,Closed
P1022,C10722,Investment,2022-04-23,Active
P1023,C10417,Investment,2024-09-17,Pending
P1024,C10263,Investment,2022-09-29,Active
P1025,C10290,Loan,2025-11-20,Closed
P1026,C10179,Savings,2024-07-19,Active
P1027,C10656,Investment,2025-05-27,Active
P1028,C10267,Credit Card,2023-09-14,Active
P1029,C10316,Loan,2023-02-14,Active
P1030,C10737,Credit Card,2023-09-20,Active
P1031,C10351,Credit Card,2022-11-18,Active
P1032,C10848,Loan,2025-05-24,Active
P1033,C10736,Savings,2024-09-11,Active
P1034,C10827,Credit Card,2023-02-03,Closed
P1035,C10615,Loan,2022-02-28,Active
P1036,C10925,Savings,2023-12-27,Active
P1037,C10270,Savings,2024-11-17,Active
P1038,C10858,Insurance,2025-07-29,Active
P1039,C10577,Insurance,2023-05-15,Pending
P1040,C10917,Loan,2025-04-21,Active
P1041,C10324,Credit Card,2023-07-15,Active
P1042,C10147,Investment,2025-11-29,Active
P1043,C10803,Credit Card,2024-12-01,Pending
P1044,C10130,Loan,2023-05-03,Active
P1045,C10487,Loan,2022-08-06,Active
P1046,C10776,Insurance,2024-09-29,Active
P1047,C10447,Savings,2025-10-23,Active
P1048,C10657,Savings,2025-06-07,Active
P1049,C10902,Investment,2022-06-25,Active
P1050,C10120,Insurance,2025-04-14,Active
P1051,C10341,Savings,2023-06-29,Active
P1052,C10038,Savings,2025-10-13,Pending
P1053,C10894,Loan,2024-01-04,Active
P1054,C10307,Credit Card,2022-12-27,Active
P1055,C10362,Insurance,2023-08-19,Active
P1056,C10081,Savings,2022-08-31,Active
P1057,C10389,Investment,2023-12-26,Active
P1058,C10962,Savings,2022-01-21,Pending
P1059,C10297,Insurance,2022-11-09,Active
P1060,C10477,Loan,2025-11-16,Active
P1061,C10759,Insurance,2025-07-14,Active
P1062,C10429,Loan,2022-10-31,Active
P1063,C10501,Investment,2023-02-11,Pending
P1064,C10550,Savings,2022-09-02,Active
P1065,C10546,Credit Card,2025-07-01,Closed
P1066,C10634,Investment,2024-01-26,Active
P1067,C10656,Savings,2023-11-20,Pending
P1068,C10563,Investment,2023-09-11,Pending
P1069,C10837,Investment,2023-02-07,Active
P1070,C10886,Insurance,2024-11-13,Active
P1071,C10300,Investment,2025-01-12,Active
P1072,C10619,Credit Card,2025-08-13,Active
P1073,C10796,Investment,2024-10-28,Active
P1074,C10546,Insurance,2023-11-12,Closed
P1075,C10668,Credit Card,2025-02-26,Closed
P1076,C10477,Investment,2025-01-03,Closed
P1077,C10328,Credit Card,2024-05-08,Active
P1078,C10244,Investment,2025-10-26,Active
P1079,C10795,Savings,2023-10-05,Active
P1080,C10599,Investment,2024-12-30,Closed
P1081,C10947,Savings,2024-11-10,Active
P1082,C10354,Insurance,2025-12-14,Pending
P1083,C10505,Savings,2022-04-30,Active
P1084,C10673,Insurance,2022-09-10,Active
P1085,C10206,Loan,2024-08-07,Active
P1086,C10711,Savings,2024-07-10,Closed
P1087,C10850,Insurance,2024-03-12,Active
P1088,C10194,Savings,2025-03-15,Active
P1089,C10067,Investment,2024-12-16,Closed
P1090,C10162,Savings,2022-09-05,Active
P1091,C10293,Insurance,2023-07-16,Active
P1092,C10618,Credit Card,2023-08-18,Active
P1093,C10803,Loan,2024-03-23,Active
P1094,C10848,Credit Card,2025-06-20,Active
P1095,C10369,Insurance,2023-12-14,Active
P1096,C10707,Credit Card,2023-11-27,Active
P1097,C10776,Loan,2023-06-30,Active
P1098,C10985,Savings,2024-03-17,Active
P1099,C10486,Savings,2024-08-20,Active
P1100,C10242,Loan,2023-10-20,Active
P1101,C10703,Investment,2022-04-20,Pending
P1102,C10913,Credit Card,2024-06-08,Active
P1103,C10461,Credit Card,2022-10-29,Pending
P1104,C10158,Loan,2025-11-14,Active
P1105,C10988,Credit Card,2025-10-12,Closed
P1106,C10183,Credit Card,2022-09-09,Pending
P1107,C10896,Investment,2023-10-06,Active
P1108,C10959,Credit Card,2025-10-06,Active
P1109,C10034,Credit Card,2022-09-18,Active
P1110,C10604,Loan,2023-02-13,Active
P1111,C10633,Credit Card,2023-11-23,Closed
P1112,C10330,Credit Card,2024-07-04,Active
P1113,C10850,Credit Card,2025-03-30,Active
P1114,C10675,Savings,2023-10-25,Active
P1115,C10606,Insurance,2023-01-14,Closed
P1116,C10157,Loan,2025-07-08,Active
P1117,C10176,Loan,2023-10-28,Active
P1118,C10290,Investment,2024-06-01,Pending
P1119,C10554,Savings,2022-09-11,Active
P1120,C10939,Investment,2025-05-07,Active
P1121,C10794,Credit Card,2022-12-28,Active
P1122,C10936,Insurance,2022-09-06,Active
P1123,C10292,Savings,2024-11-23,Active
P1124,C10209,Credit Card,2023-12-25,Active
P1125,C10841,Investment,2024-12-30,Pending
P1126,C10625,Loan,2025-08-28,Active
P1127,C10114,Loan,2022-05-04,Active
P1128,C10587,Insurance,2025-10-14,Pending
P1129,C10408,Loan,2024-04-26,Active
P1130,C10310,Insurance,2023-09-28,Active
P1131,C10388,Loan,2024-09-04,Closed
P1132,C10935,Loan,2022-01-10,Active
P1133,C10890,Loan,2024-09-14,Active
P1134,C10374,Credit Card,2022-11-05,Active
P1135,C10860,Loan,2024-03-13,Active
P1136,C10102,Savings,2024-10-06,Active
P1137,C10393,Investment,2022-02-27,Active
P1138,C10137,Insurance,2024-09-04,Active
P1139,C10173,Loan,2024-05-11,Closed
P1140,C10955,Insurance,2022-01-26,Closed
P1141,C10978,Insurance,2025-01-16,Active
P1142,C10746,Savings,2022-04-01,Active
P1143,C10605,Savings,2024-12-29,Closed
P1144,C10305,Insurance,2024-08-31,Active
P1145,C10938,Insurance,2023-10-06,Pending
P1146,C10306,Investment,2022-09-03,Active
P1147,C10809,Savings,2025-12-03,Active
P1148,C10780,Investment,2025-10-20,Pending
P1149,C10214,Investment,2025-01-26,Active
P1150,C10999,Investment,2022-08-10,Active
P1151,C10321,Investment,2022-10-15,Active
P1152,C10981,Savings,2024-09-05,Active
P1153,C10109,Investment,2022-09-10,Active
P1154,C10804,Savings,2023-10-07,Active
P1155,C10340,Credit Card,2022-09-14,Active
P1156,C10728,Loan,2024-07-08,Active
P1157,C10506,Insurance,2024-05-22,Active
P1158,C10864,Insurance,2025-06-28,Active
P1159,C10628,Insurance,2023-02-14,Active
P1160,C10011,Investment,2023-04-08,Active
P1161,C10298,Savings,2023-12-02,Active
P1162,C10223,Investment,2022-11-06,Pending
P1163,C10186,Savings,2025-07-03,Active
P1164,C10708,Investment,2025-05-01,Closed
P1165,C10599,Savings,2025-02-02,Active
P1166,C10188,Credit Card,2025-05-02,Active
P1167,C10022,Savings,2025-06-01,Active
P1168,C10213,Investment,2024-02-29,Active
P1169,C10538,Savings,2024-09-18,Active
P1170,C10274,Insurance,2025-05-14,Active
P1171,C10930,Loan,2023-12-16,Closed
P1172,C10885,Credit Card,2023-06-27,Closed
P1173,C10847,Insurance,2025-07-19,Active
P1174,C10465,Insurance,2024-11-14,Active
P1175,C10492,Investment,2025-04-08,Closed
P1176,C10518,Savings,2024-07-03,Active
P1177,C10109,Credit Card,2022-04-30,Active
P1178,C10399,Investment,2025-08-07,Pending
P1179,C10544,Insurance,2022-05-14,Active
P1180,C10356,Savings,2025-12-22,Active
P1181,C10292,Credit Card,2025-11-02,Pending
P1182,C10150,Loan,2024-06-15,Active
P1183,C10393,Credit Card,2025-02-24,Active
P1184,C10403,Loan,2023-11-03,Closed
P1185,C10831,Investment,2023-01-02,Active
P1186,C10782,Loan,2024-02-26,Active
P1187,C10690,Loan,2024-01-24,Closed
P1188,C10229,Savings,2024-11-14,Closed
P1189,C10208,Loan,2022-08-22,Closed
P1190,C10722,Credit Card,2023-10-04,Active
P1191,C10031,Investment,2022-02-14,Closed
P1192,C10621,Loan,2025-07-18,Active
P1193,C10526,Savings,2025-01-31,Active
P1194,C10694,Savings,2024-08-19,Active
P1195,C10161,Investment,2022-04-13,Active
P1196,C10697,Credit Card,2025-10-08,Active
P1197,C10297,Investment,2024-07-29,Pending
P1198,C10819,Investment,2024-09-04,Active
P1199,C10241,Loan,2024-01-31,Active
P1200,C10808,Insurance,2025-11-20,Closed
P1201,C10913,Insurance,2022-02-01,Closed
P1202,C10335,Insurance,2024-01-10,Active
P1203,C10003,Credit Card,2023-04-18,Closed
P1204,C10661,Insurance,2025-02-06,Active
P1205,C10563,Investment,2023-07-07,Active
P1206,C10276,Credit Card,2023-07-22,Closed
P1207,C10903,Insurance,2023-03-26,Active
P1208,C10454,Investment,2023-12-21,Active
P1209,C10376,Loan,2023-04-18,Active
P1210,C10209,Insurance,2022-08-06,Closed
P1211,C10888,Credit Card,2023-02-05,Pending
P1212,C10392,Credit Card,2023-08-08,Active
P1213,C10362,Loan,2025-06-23,Active
P1214,C10109,Investment,2023-05-27,Active
P1215,C10306,Investment,2022-09-01,Closed
P1216,C10397,Savings,2023-10-09,Active
P1217,C10891,Credit Card,2023-07-22,Active
P1218,C10658,Savings,2024-04-06,Closed
P1219,C10036,Credit Card,2023-12-17,Active
P1220,C10851,Savings,2022-02-11,Active
P1221,C10935,Insurance,2022-03-11,Active
P1222,C10856,Loan,2023-09-23,Active
P1223,C10102,Insurance,2023-06-06,Active
P1224,C10593,Investment,2025-03-03,Closed
P1225,C10953,Loan,2025-11-22,Pending
P1226,C10103,Investment,2023-07-21,Closed
P1227,C10829,Insurance,2023-10-24,Closed
P1228,C10984,Loan,2025-12-05,Closed
P1229,C10075,Insurance,2024-05-31,Active
P1230,C10968,Loan,2025-03-15,Active
P1231,C10540,Investment,2023-04-12,Active
P1232,C10587,Credit Card,2025-02-02,Closed
P1233,C10436,Credit Card,2022-03-11,Active
P1234,C10113,Savings,2025-07-19,Active
P1235,C10002,Savings,2025-10-06,Active
P1236,C10637,Savings,2025-07-06,Pending
P1237,C10880,Insurance,2024-10-23,Active
P1238,C10270,Savings,2024-04-29,Active
P1239,C10560,Savings,2024-06-22,Active
P1240,C10682,Credit Card,2023-02-08,Active
P1241,C10423,Savings,2022-09-29,Active
P1242,C10443,Loan,2022-10-19,Active
P1243,C10443,Loan,2025-08-28,Closed
P1244,C10385,Insurance,2022-09-29,Active
P1245,C10295,Loan,2025-02-14,Active
P1246,C10558,Investment,2024-11-10,Active
P1247,C10870,Savings,2022-09-17,Active
P1248,C10737,Loan,2024-03-22,Active
P1249,C10103,Credit Card,2023-11-08,Pending
P1250,C10582,Investment,2023-03-12,Active
P1251,C10311,Loan,2022-05-19,Pending
P1252,C10246,Insurance,2025-05-02,Active
P1253,C10558,Credit Card,2024-02-27,Active
P1254,C10855,Credit Card,2022-08-30,Active
P1255,C10956,Credit Card,2022-11-18,Active
P1256,C10840,Credit Card,2024-11-19,Active
P1257,C10200,Savings,2025-06-27,Active
P1258,C10278,Insurance,2025-04-22,Active
P1259,C10395,Credit Card,2023-02-08,Active
P1260,C10978,Investment,2023-12-14,Active
P1261,C10505,Insurance,2022-12-26,Active
P1262,C10609,Credit Card,2025-02-22,Active
P1263,C10262,Investment,2023-01-22,Active
P1264,C10015,Investment,2024-05-04,Pending
P1265,C10854,Savings,2022-10-27,Active
P1266,C10562,Loan,2023-09-02,Active
P1267,C10172,Loan,2024-06-05,Active
P1268,C10166,Savings,2023-02-07,Active
P1269,C10281,Credit Card,2023-11-04,Active
P1270,C10164,Savings,2024-01-27,Pending
P1271,C10469,Insurance,2025-03-28,Active
P1272,C10454,Savings,2022-11-01,Active
P1273,C10607,Savings,2023-10-13,Active
P1274,C10698,Loan,2025-03-15,Active
P1275,C10222,Credit Card,2025-03-19,Active
P1276,C10775,Insurance,2023-01-02,Active
P1277,C10804,Insurance,2025-05-31,Active
P1278,C10560,Investment,2023-10-21,Closed
P1279,C10579,Investment,2022-08-10,Active
P1280,C10895,Investment,2024-04-24,Active
P1281,C10007,Credit Card,2025-10-15,Active
P1282,C10386,Investment,2023-08-22,Pending
P1283,C10892,Savings,2023-02-21,Pending
P1284,C10380,Investment,2024-08-22,Active
P1285,C10439,Insurance,2022-04-07,Active
P1286,C10726,Savings,2024-02-08,Active
P1287,C10468,Savings,2023-10-13,Active
P1288,C10504,Insurance,2024-05-16,Closed
P1289,C10366,Insurance,2022-05-10,Closed
P1290,C10656,Credit Card,2023-12-04,Active
P1291,C10087,Credit Card,2024-09-14,Closed
P1292,C10004,Investment,2025-12-03,Active
P1293,C10633,Savings,2024-02-26,Active
P1294,C10145,Loan,2025-05-12,Active
P1295,C10723,Credit Card,2025-03-04,Active
P1296,C10978,Credit Card,2025-07-04,Active
P1297,C10486,Investment,2023-03-24,Active
P1298,C10154,Credit Card,2022-11-06,Closed
P1299,C10630,Savings,2024-03-30,Closed
P1300,C10071,Savings,2024-11-12,Pending
P1301,C10773,Credit Card,2025-03-07,Active
P1302,C10251,Loan,2025-05-22,Active
P1303,C10248,Insurance,2025-11-15,Closed
P1304,C10056,Insurance,2024-07-04,Active
P1305,C10304,Savings,2022-01-14,Active
P1306,C10097,Insurance,2024-05-04,Closed
P1307,C10863,Savings,2025-07-15,Active
P1308,C10268,Insurance,2025-01-14,Active
P1309,C10513,Insurance,2025-07-13,Active
P1310,C10354,Insurance,2023-11-11,Pending
P1311,C10697,Insurance,2024-10-24,Pending
P1312,C10230,Insurance,2022-05-11,Active
P1313,C10813,Loan,2023-12-13,Active
P1314,C10747,Investment,2025-01-09,Active
P1315,C10922,Investment,2024-12-12,Active
P1316,C10466,Loan,2022-02-03,Pending
P1317,C10556,Insurance,2022-02-08,Active
P1318,C10680,Loan,2022-09-08,Closed
P1319,C10052,Insurance,2024-07-05,Active
P1320,C10272,Savings,2022-08-11,Closed
P1321,C10674,Insurance,2024-07-21,Pending
P1322,C10562,Insurance,2024-11-21,Active
P1323,C10917,Savings,2025-03-03,Active
P1324,C10996,Loan,2022-02-19,Active
P1325,C10404,Insurance,2024-06-02,Active
P1326,C10295,Loan,2024-05-20,Active
P1327,C10436,Loan,2024-10-03,Active
P1328,C10644,Loan,2024-03-26,Active
P1329,C10890,Loan,2025-02-20,Active
P1330,C10547,Loan,2022-09-09,Active
P1331,C10669,Credit Card,2025-09-27,Active
P1332,C10413,Savings,2024-12-26,Active
P1333,C10765,Loan,2024-11-22,Active
P1334,C10050,Savings,2022-06-18,Active
P1335,C10448,Credit Card,2025-09-17,Active
P1336,C10232,Insurance,2025-09-07,Active
P1337,C10516,Insurance,2024-02-11,Active
P1338,C10178,Loan,2024-03-27,Active
P1339,C10850,Insurance,2025-04-24,Active
P1340,C10735,Savings,2022-10-07,Active
P1341,C10163,Savings,2025-07-06,Pending
P1342,C10797,Savings,2023-07-15,Active
P1343,C10497,Credit Card,2024-07-24,Active
P1344,C10959,Credit Card,2025-04-10,Active
P1345,C10499,Insurance,2024-04-06,Active
P1346,C10831,Insurance,2023-09-22,Active
P1347,C10157,Loan,2023-07-17,Pending
P1348,C10290,Insurance,2024-03-03,Active
P1349,C10787,Insurance,2025-07-11,Active
P1350,C10062,Investment,2025-01-30,Pending
P1351,C10445,Credit Card,2022-02-27,Active
P1352,C10226,Savings,2022-03-04,Active
P1353,C10672,Loan,2025-02-26,Active
P1354,C10560,Savings,2022-11-29,Closed
P1355,C10665,Savings,2023-12-06,Active
P1356,C10679,Savings,2023-08-12,Closed
P1357,C10955,Loan,2024-06-23,Closed
P1358,C10113,Savings,2022-02-13,Active
P1359,C10792,Credit Card,2023-12-05,Active
P1360,C10659,Investment,2025-11-07,Closed
P1361,C10277,Credit Card,2022-12-05,Active
P1362,C10101,Credit Card,2025-10-30,Active
P1363,C10542,Credit Card,2025-04-20,Pending
P1364,C10107,Loan,2024-02-29,Active
P1365,C10788,Credit Card,2023-04-08,Active
P1366,C10364,Savings,2024-06-08,Active
P1367,C10373,Credit Card,2024-03-14,Active
P1368,C10735,Insurance,2024-02-21,Active
P1369,C10399,Investment,2024-01-11,Active
P1370,C10062,Savings,2022-04-11,Pending
P1371,C10522,Loan,2023-02-16,Pending
P1372,C10669,Insurance,2023-12-27,Active
P1373,C10595,Savings,2024-10-12,Active
P1374,C10233,Insurance,2025-11-28,Active
P1375,C10140,Investment,2023-02-10,Active
P1376,C10611,Savings,2023-01-07,Active
P1377,C10297,Insurance,2022-09-18,Active
P1378,C10825,Savings,2025-02-17,Active
P1379,C10612,Insurance,2025-09-10,Active
P1380,C10379,Loan,2022-03-30,Active
P1381,C10719,Investment,2023-07-08,Active
P1382,C10938,Savings,2023-02-07,Active
P1383,C10448,Credit Card,2024-09-04,Active
P1384,C10644,Savings,2022-07-26,Active
P1385,C10181,Credit Card,2022-09-13,Active
P1386,C10078,Investment,2024-06-12,Active
P1387,C10685,Investment,2025-06-11,Closed
P1388,C10373,Credit Card,2024-04-11,Active
P1389,C10013,Savings,2025-04-26,Closed
P1390,C10476,Insurance,2024-10-31,Active
P1391,C10524,Credit Card,2025-12-13,Closed
P1392,C10124,Investment,2024-12-10,Closed
P1393,C10536,Insurance,2023-02-12,Active
P1394,C10822,Savings,2025-01-07,Active
P1395,C10040,Credit Card,2023-07-27,Pending
P1396,C10903,Savings,2024-01-21,Active
P1397,C10761,Credit Card,2022-05-09,Active
P1398,C10388,Credit Card,2023-05-01,Active
P1399,C10155,Credit Card,2023-08-30,Active
P1400,C10433,Credit Card,2024-08-23,Active
P1401,C10210,Insurance,2025-02-04,Active
P1402,C10061,Loan,2025-06-15,Active
P1403,C10101,Credit Card,2022-08-31,Active
P1404,C10856,Loan,2022-02-09,Active
P1405,C10225,Insurance,2024-10-05,Active
P1406,C10337,Credit Card,2023-03-12,Closed
P1407,C10573,Investment,2022-03-24,Pending
P1408,C10952,Insurance,2023-02-18,Active
P1409,C10855,Credit Card,2023-07-25,Active
P1410,C10871,Loan,2023-01-29,Active
P1411,C10249,Loan,2025-12-15,Active
P1412,C10575,Insurance,2023-08-03,Active
P1413,C10933,Investment,2023-12-25,Active
P1414,C10362,Savings,2024-04-23,Active
P1415,C10949,Loan,2025-01-31,Pending
P1416,C10527,Savings,2024-03-09,Closed
P1417,C10237,Savings,2023-06-28,Closed
P1418,C10415,Insurance,2024-04-30,Active
P1419,C10181,Investment,2024-08-02,Active
P1420,C10632,Loan,2024-02-01,Active
P1421,C10732,Savings,2023-01-20,Active
P1422,C10638,Savings,2025-02-20,Active
P1423,C10811,Insurance,2023-11-22,Active
P1424,C10271,Loan,2025-10-20,Active
P1425,C10096,Credit Card,2023-02-20,Active
P1426,C10257,Credit Card,2022-04-11,Active
P1427,C10117,Investment,2024-01-11,Closed
P1428,C10440,Investment,2025-01-15,Active
P1429,C10585,Loan,2023-09-21,Active
P1430,C10824,Savings,2024-03-25,Closed
P1431,C10119,Loan,2024-04-29,Active
P1432,C10951,Savings,2024-03-25,Pending
P1433,C10450,Investment,2023-10-28,Closed
P1434,C10576,Insurance,2024-06-27,Active
P1435,C10130,Loan,2023-08-18,Active
P1436,C10214,Credit Card,2023-08-20,Pending
P1437,C10643,Savings,2025-10-24,Active
P1438,C10814,Investment,2024-11-06,Active
P1439,C10983,Savings,2023-09-30,Active
P1440,C10559,Credit Card,2023-10-13,Active
P1441,C10867,Loan,2023-08-26,Active
P1442,C10499,Savings,2023-07-23,Active
P1443,C10985,Credit Card,2022-05-01,Active
P1444,C10241,Credit Card,2022-03-29,Active
P1445,C10698,Loan,2024-12-24,Active
P1446,C10438,Credit Card,2022-10-08,Pending
P1447,C10172,Investment,2024-03-29,Active
P1448,C10041,Insurance,2023-04-06,Active
P1449,C10038,Investment,2024-10-16,Closed
P1450,C10194,Savings,2022-02-14,Active
P1451,C10224,Insurance,2022-11-23,Active
P1452,C10134,Savings,2023-01-02,Active
P1453,C10680,Loan,2023-12-12,Active
P1454,C10807,Savings,2024-10-26,Pending
P1455,C10555,Savings,2022-07-12,Closed
P1456,C10682,Savings,2023-06-09,Active
P1457,C10091,Credit Card,2024-08-10,Active
P1458,C10427,Savings,2024-09-29,Active
P1459,C10612,Insurance,2022-08-27,Closed
P1460,C10899,Savings,2023-02-02,Closed
P1461,C10284,Insurance,2024-03-11,Active
P1462,C10971,Insurance,2022-09-27,Active
P1463,C10795,Savings,2025-08-15,Active
P1464,C10342,Credit Card,2024-12-10,Active
P1465,C10404,Credit Card,2025-12-30,Closed
P1466,C10789,Insurance,2023-05-05,Active
P1467,C10239,Credit Card,2024-12-04,Pending
P1468,C10923,Savings,2023-07-07,Pending
P1469,C10766,Investment,2022-06-23,Active
P1470,C10484,Investment,2024-05-13,Active
P1471,C10202,Loan,2024-07-24,Pending
P1472,C10626,Investment,2022-11-01,Closed
P1473,C10848,Loan,2022-06-25,Closed
P1474,C10512,Loan,2024-12-14,Active
P1475,C10628,Investment,2025-05-17,Active
P1476,C10847,Insurance,2025-12-23,Active
P1477,C10478,Investment,2022-07-23,Closed
P1478,C10342,Investment,2024-11-18,Active
P1479,C10468,Savings,2023-05-21,Active
P1480,C10832,Loan,2022-05-24,Closed
P1481,C10619,Investment,2022-01-04,Active
P1482,C10247,Investment,2025-01-03,Active
P1483,C10572,Loan,2025-03-04,Active
P1484,C10382,Savings,2024-07-13,Pending
P1485,C10505,Investment,2023-07-05,Active
P1486,C10058,Loan,2023-10-01,Closed
P1487,C10538,Credit Card,2023-12-16,Active
P1488,C10732,Savings,2025-06-01,Active
P1489,C10018,Loan,2022-05-04,Active
P1490,C10968,Savings,2025-02-02,Active
P1491,C10485,Credit Card,2025-05-17,Active
P1492,C10556,Credit Card,2024-12-10,Active
P1493,C10688,Savings,2023-12-08,Active
P1494,C10594,Savings,2022-12-11,Active
P1495,C10685,Insurance,2022-01-15,Active
P1496,C10965,Credit Card,2024-05-12,Active
P1497,C10023,Savings,2025-12-23,Active
P1498,C10759,Loan,2025-10-28,Active
P1499,C10292,Savings,2022-06-04,Active
P1500,C10454,Investment,2022-01-18,Active
P1501,C10688,Savings,2025-03-24,Active
P1502,C10763,Savings,2024-12-09,Active
P1503,C10217,Investment,2023-12-25,Active
P1504,C10824,Savings,2025-07-14,Active
P1505,C10311,Savings,2023-06-28,Active
P1506,C10657,Insurance,2025-07-07,Active
P1507,C10324,Insurance,2023-05-29,Active
P1508,C10731,Investment,2022-04-21,Active
P1509,C10667,Investment,2025-10-04,Active
P1510,C10757,Investment,2024-02-24,Closed
P1511,C10160,Insurance,2023-10-19,Active
P1512,C10305,Credit Card,2025-04-13,Active
P1513,C10891,Investment,2025-07-21,Active
P1514,C10252,Loan,2022-08-03,Active
P1515,C10036,Savings,2025-01-31,Closed
P1516,C10972,Credit Card,2024-05-15,Closed
P1517,C10785,Savings,2023-12-13,Active
P1518,C10885,Savings,2025-01-25,Active
P1519,C10860,Investment,2025-09-21,Active
P1520,C10968,Credit Card,2023-08-28,Active
P1521,C10100,Loan,2023-06-24,Active
P1522,C10979,Savings,2025-07-28,Active
P1523,C10831,Credit Card,2023-09-16,Closed
P1524,C10473,Credit Card,2025-08-27,Closed
P1525,C10075,Loan,2025-10-18,Closed
P1526,C10380,Credit Card,2024-09-29,Active
P1527,C10596,Savings,2023-08-17,Active
P1528,C10337,Loan,2024-08-06,Active
P1529,C10105,Loan,2025-10-19,Active
P1530,C10495,Insurance,2025-02-10,Closed
P1531,C10679,Credit Card,2025-02-08,Active
P1532,C10223,Investment,2022-03-25,Active
P1533,C10856,Loan,2023-09-02,Active
P1534,C10828,Credit Card,2024-02-29,Active
P1535,C10885,Loan,2023-11-03,Pending
P1536,C10246,Loan,2025-08-31,Active
P1537,C10570,Investment,2022-04-25,Active
P1538,C10654,Loan,2023-06-04,Active
P1539,C10983,Loan,2022-02-16,Active
P1540,C10354,Loan,2024-01-22,Pending
P1541,C10898,Savings,2024-05-11,Active
P1542,C10935,Insurance,2025-11-25,Active
P1543,C10606,Savings,2025-03-09,Pending
P1544,C10756,Credit Card,2022-03-06,Active
P1545,C10550,Loan,2022-06-18,Active
P1546,C10640,Loan,2023-12-31,Active
P1547,C10133,Investment,2023-08-27,Active
P1548,C10076,Insurance,2024-07-16,Active
P1549,C10402,Insurance,2024-04-08,Active
P1550,C10540,Investment,2023-11-25,Pending
P1551,C10675,Investment,2022-05-13,Active
P1552,C10991,Savings,2025-03-29,Active
P1553,C10886,Insurance,2023-05-21,Pending
P1554,C10379,Investment,2023-02-22,Active
P1555,C10318,Investment,2024-12-21,Active
P1556,C10584,Insurance,2022-05-10,Active
P1557,C10985,Loan,2023-07-08,Active
P1558,C10506,Loan,2022-05-14,Active
P1559,C10961,Loan,2022-04-22,Pending
P1560,C10883,Credit Card,2024-05-04,Active
P1561,C10680,Credit Card,2022-02-22,Active
P1562,C10371,Credit Card,2022-12-07,Closed
P1563,C10608,Insurance,2025-10-10,Active
P1564,C10969,Credit Card,2022-10-07,Active
P1565,C10547,Loan,2025-06-23,Closed
P1566,C10108,Loan,2022-06-02,Active
P1567,C10798,Insurance,2023-12-10,Active
P1568,C10639,Loan,2024-06-01,Active
P1569,C10718,Credit Card,2023-09-25,Active
P1570,C10241,Investment,2025-06-13,Active
P1571,C10975,Credit Card,2025-07-04,Active
P1572,C10044,Investment,2022-08-09,Closed
P1573,C10852,Credit Card,2023-10-14,Active
P1574,C10562,Credit Card,2023-12-12,Closed
P1575,C10184,Savings,2023-12-05,Closed
P1576,C10533,Savings,2024-04-18,Active
P1577,C10552,Insurance,2022-03-23,Active
P1578,C10365,Investment,2025-01-10,Pending
P1579,C10567,Savings,2023-09-03,Active
P1580,C10370,Credit Card,2024-08-10,Active
P1581,C10294,Savings,2025-08-12,Active
P1582,C10916,Investment,2025-03-07,Active
P1583,C10752,Investment,2024-05-13,Pending
P1584,C10872,Loan,2025-05-21,Pending
P1585,C10308,Loan,2025-05-01,Active
P1586,C10088,Credit Card,2023-12-09,Active
P1587,C10095,Investment,2024-07-19,Pending
P1588,C10759,Loan,2025-07-28,Active
P1589,C10978,Savings,2022-07-15,Active
P1590,C10305,Investment,2023-12-10,Closed
P1591,C10663,Investment,2023-08-04,Active
P1592,C10140,Savings,2024-03-15,Active
P1593,C10632,Savings,2023-02-17,Closed
P1594,C10770,Investment,2025-08-18,Active
P1595,C10191,Savings,2024-12-17,Closed
P1596,C10407,Insurance,2023-12-28,Closed
P1597,C10052,Loan,2023-07-24,Active
P1598,C10284,Investment,2024-03-14,Active
P1599,C10382,Credit Card,2024-01-18,Active
P1600,C10642,Investment,2024-09-14,Active
P1601,C10922,Loan,2022-11-19,Active
P1602,C10893,Credit Card,2022-08-15,Active
P1603,C10592,Loan,2025-01-09,Active
P1604,C10336,Credit Card,2025-04-10,Active
P1605,C10013,Investment,2025-01-11,Active
P1606,C10001,Loan,2023-06-08,Closed
P1607,C10466,Insurance,2024-01-24,Active
P1608,C10430,Savings,2024-03-04,Active
P1609,C10896,Investment,2022-10-27,Active
P1610,C10947,Savings,2023-11-20,Active
P1611,C10904,Loan,2023-09-03,Active
P1612,C10077,Investment,2023-01-04,Active
P1613,C10836,Credit Card,2025-03-01,Active
P1614,C10412,Credit Card,2023-11-27,Active
P1615,C10916,Insurance,2023-01-13,Active
P1616,C10162,Savings,2023-09-01,Active
P1617,C10952,Credit Card,2024-10-27,Active
P1618,C10429,Insurance,2024-06-03,Active
P1619,C10901,Insurance,2022-05-01,Pending
P1620,C10666,Credit Card,2024-04-27,Active
P1621,C10278,Savings,2025-12-17,Active
P1622,C10622,Credit Card,2023-01-10,Active
P1623,C10712,Loan,2022-06-22,Active
P1624,C10330,Investment,2024-10-28,Active
P1625,C10005,Loan,2022-03-30,Active
P1626,C10201,Savings,2023-12-23,Closed
P1627,C10948,Insurance,2024-01-10,Active
P1628,C10140,Investment,2024-09-01,Active
P1629,C10819,Insurance,2023-12-09,Active
P1630,C10177,Savings,2025-04-02,Active
P1631,C10947,Investment,2024-01-24,Active
P1632,C10970,Insurance,2022-06-22,Active
P1633,C10721,Savings,2022-12-17,Active
P1634,C10391,Investment,2025-12-15,Active
P1635,C10878,Savings,2022-11-01,Active
P1636,C10973,Investment,2023-05-18,Active
P1637,C10183,Insurance,2025-01-14,Active
P1638,C10347,Insurance,2022-01-01,Active
P1639,C10537,Credit Card,2023-01-24,Active
P1640,C10139,Insurance,2023-12-17,Active
P1641,C10771,Loan,2022-05-31,Active
P1642,C10500,Credit Card,2023-10-08,Active
P1643,C10012,Loan,2025-10-19,Pending
P1644,C10400,Loan,2025-01-23,Active
P1645,C10701,Savings,2022-05-07,Active
P1646,C10576,Loan,2025-08-26,Pending
P1647,C10852,Investment,2023-08-31,Active
P1648,C10865,Savings,2023-08-07,Active
P1649,C10612,Credit Card,2025-07-30,Active
P1650,C10119,Savings,2023-06-10,Active
P1651,C10783,Investment,2022-12-10,Active
P1652,C10772,Investment,2024-07-03,Active
P1653,C10854,Loan,2024-05-11,Active
P1654,C10556,Credit Card,2024-02-23,Active
P1655,C10876,Insurance,2024-08-26,Active
P1656,C10572,Investment,2025-07-13,Pending
P1657,C10039,Investment,2023-07-02,Pending
P1658,C10450,Insurance,2022-12-16,Active
P1659,C10261,Credit Card,2022-07-20,Active
P1660,C10756,Credit Card,2022-04-21,Active
P1661,C10684,Savings,2024-03-29,Active
P1662,C10716,Investment,2023-10-27,Active
P1663,C10240,Savings,2023-12-20,Pending
P1664,C10458,Insurance,2025-04-07,Active
P1665,C10678,Insurance,2023-09-18,Active
P1666,C10106,Credit Card,2024-05-22,Active
P1667,C10726,Credit Card,2022-01-10,Active
P1668,C10882,Credit Card,2022-11-28,Active
P1669,C10989,Savings,2025-07-02,Closed
P1670,C10817,Loan,2024-05-19,Active
P1671,C10700,Savings,2023-10-07,Active
P1672,C10843,Loan,2022-05-10,Active
P1673,C10941,Loan,2025-08-17,Active
P1674,C10828,Investment,2022-01-18,Active
P1675,C10215,Insurance,2025-04-21,Active
P1676,C10697,Insurance,2022-09-25,Active
P1677,C10478,Loan,2023-02-26,Active
P1678,C10691,Loan,2022-07-12,Active
P1679,C10316,Insurance,2022-05-08,Closed
P1680,C10761,Investment,2022-07-25,Closed
P1681,C10985,Savings,2025-07-13,Active
P1682,C10411,Savings,2023-08-24,Closed
P1683,C10157,Loan,2025-09-29,Active
P1684,C10602,Loan,2022-06-27,Active
P1685,C10417,Savings,2022-03-30,Pending
P1686,C10867,Credit Card,2022-04-20,Pending
P1687,C10797,Insurance,2022-08-22,Active
P1688,C10515,Loan,2023-06-22,Active
P1689,C10249,Savings,2022-11-01,Active
P1690,C10603,Insurance,2024-02-29,Closed
P1691,C10738,Credit Card,2023-03-07,Closed
P1692,C10075,Credit Card,2024-03-03,Active
P1693,C10234,Loan,2023-04-03,Active
P1694,C10228,Investment,2023-09-07,Active
P1695,C10089,Insurance,2022-10-15,Closed
P1696,C10537,Loan,2023-05-26,Active
P1697,C10078,Savings,2025-10-24,Active
P1698,C10163,Insurance,2022-05-02,Active
P1699,C10004,Credit Card,2025-05-23,Closed
P1700,C10926,Savings,2025-10-03,Active
P1701,C10784,Loan,2023-12-11,Active
P1702,C10759,Loan,2025-09-07,Pending
P1703,C10976,Loan,2024-10-14,Active
P1704,C10951,Credit Card,2022-09-04,Active
P1705,C10566,Savings,2024-06-15,Active
P1706,C10494,Credit Card,2023-08-25,Active
P1707,C10882,Savings,2024-08-20,Active
P1708,C10905,Insurance,2024-11-01,Pending
P1709,C10816,Savings,2025-04-13,Active
P1710,C10834,Savings,2025-07-25,Active
P1711,C10793,Investment,2025-02-02,Active
P1712,C10523,Savings,2025-08-28,Active
P1713,C10081,Credit Card,2022-08-19,Active
P1714,C10571,Investment,2022-01-08,Closed
P1715,C10355,Investment,2022-12-07,Active
P1716,C10838,Investment,2025-07-20,Active
P1717,C10827,Loan,2025-02-12,Active
P1718,C10796,Credit Card,2023-04-15,Active
P1719,C10492,Investment,2025-05-02,Pending
P1720,C10631,Savings,2022-08-07,Active
P1721,C10261,Loan,2025-06-26,Active
P1722,C10007,Investment,2024-10-24,Closed
P1723,C10757,Savings,2024-03-26,Active
P1724,C10751,Loan,2025-04-19,Active
P1725,C10140,Loan,2022-03-08,Active
P1726,C10712,Investment,2023-01-27,Active
P1727,C10595,Credit Card,2022-02-11,Active
P1728,C10020,Loan,2023-03-18,Active
P1729,C10776,Investment,2023-08-02,Active
P1730,C10765,Credit Card,2025-12-23,Active
P1731,C10196,Loan,2023-05-14,Closed
P1732,C10865,Credit Card,2022-12-08,Active
P1733,C10222,Loan,2023-06-21,Active
P1734,C10617,Credit Card,2022-04-18,Active
P1735,C10376,Insurance,2025-07-17,Active
P1736,C10814,Loan,2024-01-24,Active
P1737,C10375,Loan,2023-01-04,Active
P1738,C10559,Insurance,2024-02-10,Active
P1739,C10277,Savings,2025-05-09,Active
P1740,C10596,Savings,2025-12-03,Closed
P1741,C10690,Credit Card,2025-08-31,Active
P1742,C10845,Savings,2023-08-04,Active
P1743,C10659,Insurance,2022-01-17,Active
P1744,C10223,Insurance,2025-10-14,Active
P1745,C10741,Savings,2023-10-09,Pending
P1746,C10643,Credit Card,2024-09-02,Active
P1747,C10603,Loan,2024-10-25,Active
P1748,C10510,Investment,2024-08-04,Active
P1749,C10709,Insurance,2025-05-18,Active
P1750,C10972,Investment,2022-09-25,Pending
P1751,C10716,Loan,2022-03-18,Pending
P1752,C10112,Savings,2025-08-14,Active
P1753,C10433,Credit Card,2022-01-25,Active
P1754,C10137,Investment,2024-03-02,Active
P1755,C10939,Savings,2023-01-28,Pending
P1756,C10759,Savings,2024-03-14,Active
P1757,C10442,Loan,2023-06-09,Active
P1758,C10622,Investment,2025-12-07,Active
P1759,C10314,Savings,2024-12-05,Closed
P1760,C10503,Loan,2024-07-18,Active
P1761,C10966,Credit Card,2023-04-07,Active
P1762,C10995,Savings,2023-08-29,Active
P1763,C10968,Savings,2024-03-13,Active
P1764,C10011,Savings,2022-03-08,Active
P1765,C10164,Savings,2025-07-02,Active
P1766,C10202,Savings,2025-11-11,Active
P1767,C10775,Insurance,2024-07-12,Active
P1768,C10423,Loan,2025-02-25,Active
P1769,C10823,Credit Card,2025-06-24,Active
P1770,C10969,Insurance,2024-07-19,Active
P1771,C10461,Investment,2025-07-26,Pending
P1772,C10408,Investment,2022-10-02,Active
P1773,C10702,Loan,2023-12-26,Active
P1774,C10052,Loan,2025-09-02,Active
P1775,C10415,Credit Card,2025-05-19,Active
P1776,C10039,Loan,2025-06-20,Active
P1777,C10698,Credit Card,2023-08-18,Active
P1778,C10942,Loan,2023-01-26,Pending
P1779,C10566,Investment,2023-07-31,Active
P1780,C10727,Insurance,2024-11-05,Active
P1781,C10653,Loan,2024-08-06,Active
P1782,C10419,Investment,2022-07-22,Active
P1783,C10139,Insurance,2023-07-04,Active
P1784,C10959,Investment,2024-02-12,Pending
P1785,C10318,Loan,2024-07-11,Active
P1786,C10471,Savings,2023-07-27,Active
P1787,C10495,Credit Card,2023-03-23,Pending
P1788,C10186,Savings,2022-12-17,Closed
P1789,C10543,Investment,2022-02-01,Active
P1790,C10068,Credit Card,2024-09-30,Active
P1791,C10199,Loan,2023-12-28,Active
P1792,C10223,Investment,2022-06-08,Active
P1793,C10527,Investment,2023-05-15,Closed
P1794,C10510,Investment,2022-01-18,Active
P1795,C10798,Savings,2024-02-02,Active
P1796,C10835,Credit Card,2023-12-29,Active
P1797,C10315,Loan,2024-10-03,Active
P1798,C10812,Loan,2023-10-26,Active
P1799,C10994,Savings,2025-09-30,Pending
P1800,C10586,Investment,2022-10-20,Active
P1801,C10528,Insurance,2022-08-05,Closed
P1802,C10205,Investment,2024-08-27,Active
P1803,C10655,Loan,2023-07-19,Active
P1804,C10459,Savings,2024-12-16,Active
P1805,C10831,Credit Card,2022-11-15,Active
P1806,C10693,Loan,2023-02-27,Active
P1807,C10908,Investment,2025-03-26,Active
P1808,C10329,Credit Card,2024-04-07,Active
P1809,C10724,Savings,2022-07-05,Active
P1810,C10346,Loan,2025-03-14,Active
P1811,C10104,Loan,2022-05-17,Active
P1812,C10475,Insurance,2024-04-22,Active
P1813,C10262,Savings,2025-12-15,Active
P1814,C10354,Insurance,2022-04-11,Active
P1815,C10276,Investment,2023-06-14,Active
P1816,C10622,Investment,2024-07-16,Pending
P1817,C10764,Savings,2023-08-03,Active
P1818,C10433,Savings,2023-05-22,Active
P1819,C10307,Savings,2024-07-13,Active
P1820,C10041,Savings,2025-06-26,Active
P1821,C10811,Credit Card,2022-11-11,Active
P1822,C10885,Savings,2024-02-16,Pending
P1823,C10113,Insurance,2023-03-18,Active
P1824,C10833,Savings,2023-07-15,Active
P1825,C10570,Savings,2022-06-02,Active
P1826,C10262,Loan,2025-05-21,Pending
P1827,C10031,Investment,2023-08-19,Pending
P1828,C10906,Credit Card,2025-01-07,Active
P1829,C10775,Savings,2024-02-24,Closed
P1830,C10904,Insurance,2023-12-21,Active
P1831,C10392,Savings,2023-08-23,Active
P1832,C10830,Savings,2022-03-16,Active
P1833,C10895,Loan,2024-03-05,Active
P1834,C10531,Credit Card,2022-07-17,Active
P1835,C10306,Savings,2025-09-18,Active
P1836,C10160,Credit Card,2023-02-04,Closed
P1837,C10934,Loan,2025-12-04,Closed
P1838,C10529,Investment,2023-07-26,Active
P1839,C10535,Investment,2024-04-29,Closed
P1840,C10552,Savings,2022-01-06,Active
P1841,C10059,Savings,2022-08-08,Closed
P1842,C10064,Investment,2024-08-14,Active
P1843,C10539,Credit Card,2022-02-08,Pending
P1844,C10907,Investment,2022-03-23,Active
P1845,C10126,Investment,2024-11-11,Active
P1846,C10421,Insurance,2022-03-08,Active
P1847,C10952,Investment,2022-06-02,Active
P1848,C10777,Investment,2024-08-21,Active
P1849,C10707,Credit Card,2023-08-16,Active
P1850,C10174,Loan,2024-09-07,Active
P1851,C10431,Loan,2023-05-23,Active
P1852,C10475,Credit Card,2025-03-03,Active
P1853,C10314,Loan,2024-11-29,Active
P1854,C10097,Investment,2024-04-28,Active
P1855,C10798,Insurance,2023-05-03,Active
P1856,C10299,Savings,2023-04-27,Active
P1857,C10419,Credit Card,2025-02-05,Active
P1858,C10098,Credit Card,2023-06-29,Active
P1859,C10870,Credit Card,2025-11-19,Active
P1860,C10917,Investment,2025-08-25,Active
P1861,C10253,Savings,2025-05-24,Active
P1862,C10676,Credit Card,2022-08-28,Active
P1863,C10896,Savings,2023-08-09,Active
P1864,C10938,Savings,2023-11-19,Active
P1865,C10294,Insurance,2025-11-04,Active
P1866,C10691,Loan,2024-07-07,Closed
P1867,C10086,Credit Card,2024-03-06,Active
P1868,C10549,Investment,2024-11-30,Active
P1869,C10274,Credit Card,2023-04-17,Active
P1870,C10555,Loan,2023-07-21,Active
P1871,C10507,Savings,2024-10-16,Pending
P1872,C10640,Insurance,2022-01-16,Active
P1873,C10547,Savings,2022-05-19,Closed
P1874,C10488,Loan,2025-12-08,Active
P1875,C10625,Insurance,2022-01-29,Pending
P1876,C10189,Credit Card,2023-04-23,Active
P1877,C10343,Credit Card,2023-03-23,Closed
P1878,C10071,Loan,2023-11-25,Active
P1879,C10060,Investment,2022-01-11,Active
P1880,C10024,Insurance,2023-11-06,Pending
P1881,C10934,Insurance,2024-11-14,Active
P1882,C10360,Credit Card,2022-06-27,Active
P1883,C10570,Credit Card,2023-05-23,Active
P1884,C10167,Investment,2024-07-11,Active
P1885,C10956,Loan,2022-07-02,Closed
P1886,C10684,Loan,2023-09-03,Active
P1887,C10889,Loan,2023-05-27,Closed
P1888,C10069,Insurance,2024-06-17,Active
P1889,C10527,Investment,2024-06-04,Active
P1890,C10805,Insurance,2024-09-12,Active
P1891,C10114,Credit Card,2023-10-31,Active
P1892,C10572,Savings,2025-10-29,Active
P1893,C10826,Credit Card,2022-11-26,Active
P1894,C10406,Credit Card,2024-10-04,Pending
P1895,C10178,Investment,2022-08-17,Active
P1896,C10040,Credit Card,2024-08-04,Pending
P1897,C10279,Savings,2024-01-02,Active
P1898,C10632,Credit Card,2023-03-12,Active
P1899,C10674,Investment,2023-05-15,Active
P1900,C10081,Credit Card,2025-11-14,Active
P1901,C10941,Credit Card,2023-01-31,Closed
P1902,C10663,Insurance,2023-06-02,Active
P1903,C10017,Loan,2024-10-06,Pending
P1904,C10167,Credit Card,2022-09-25,Active
P1905,C10561,Loan,2023-10-17,Active
P1906,C10455,Insurance,2024-08-17,Closed
P1907,C10031,Credit Card,2022-11-09,Active
P1908,C10923,Savings,2023-10-08,Active
P1909,C10286,Credit Card,2022-10-20,Active
P1910,C10251,Insurance,2025-03-12,Active
P1911,C10019,Insurance,2025-06-10,Active
P1912,C10749,Credit Card,2022-08-01,Active
P1913,C10613,Investment,2022-04-29,Active
P1914,C10715,Savings,2025-01-15,Active
P1915,C10477,Insurance,2023-11-28,Active
P1916,C10046,Savings,2023-03-05,Closed
P1917,C10277,Investment,2023-11-16,Active
P1918,C10906,Loan,2023-05-14,Active
P1919,C10730,Insurance,2025-09-09,Active
P1920,C10692,Savings,2025-01-02,Active
P1921,C10872,Investment,2024-04-09,Closed
P1922,C10402,Investment,2025-05-25,Closed
P1923,C10133,Savings,2022-08-11,Pending
P1924,C10435,Insurance,2023-04-23,Closed
P1925,C10945,Insurance,2022-03-09,Closed
P1926,C10750,Loan,2025-06-02,Closed
P1927,C10729,Insurance,2025-04-04,Active
P1928,C10397,Credit Card,2024-09-25,Active
P1929,C10935,Investment,2023-03-17,Active
P1930,C10739,Credit Card,2024-10-08,Active
P1931,C10798,Savings,2025-04-26,Active
P1932,C10706,Loan,2025-09-05,Active
P1933,C10946,Credit Card,2025-06-26,Closed
P1934,C10528,Insurance,2023-04-10,Active
P1935,C10212,Loan,2024-07-25,Active
P1936,C10671,Credit Card,2023-09-05,Active
P1937,C10761,Loan,2023-05-18,Active
P1938,C10308,Insurance,2025-05-26,Active
P1939,C10596,Credit Card,2025-03-14,Active
P1940,C10873,Investment,2023-03-17,Active
P1941,C10034,Investment,2025-03-11,Active
P1942,C10794,Loan,2025-08-13,Active
P1943,C10524,Investment,2024-08-03,Active
P1944,C10695,Credit Card,2025-06-08,Active
P1945,C10159,Investment,2023-07-30,Active
P1946,C10935,Insurance,2024-06-07,Active
P1947,C10417,Insurance,2022-02-27,Active
P1948,C10414,Investment,2024-06-24,Active
P1949,C10182,Insurance,2022-12-28,Active
P1950,C10756,Loan,2024-07-02,Active
P1951,C10978,Loan,2023-08-31,Active
P1952,C10915,Investment,2023-02-05,Active
P1953,C10157,Loan,2024-10-15,Pending
P1954,C10459,Credit Card,2023-02-09,Active
P1955,C10111,Insurance,2024-08-10,Active
P1956,C10726,Savings,2023-06-09,Active
P1957,C10764,Investment,2025-11-03,Active
P1958,C10518,Loan,2022-10-26,Closed
P1959,C10479,Credit Card,2025-02-08,Active
P1960,C10944,Investment,2022-01-26,Active
P1961,C10597,Insurance,2022-05-03,Active
P1962,C10108,Insurance,2024-07-08,Active
P1963,C10769,Savings,2022-08-24,Closed
P1964,C10889,Loan,2023-08-31,Pending
P1965,C10432,Insurance,2023-05-25,Active
P1966,C10653,Savings,2025-04-04,Active
P1967,C10202,Credit Card,2024-06-19,Active
P1968,C10960,Credit Card,2023-04-09,Active
P1969,C10015,Insurance,2022-05-22,Pending
P1970,C10654,Investment,2024-08-06,Active
P1971,C10439,Insurance,2022-02-11,Closed
P1972,C10338,Loan,2024-08-08,Pending
P1973,C10947,Insurance,2022-02-24,Active
P1974,C10723,Insurance,2023-08-08,Active
P1975,C10138,Insurance,2025-01-10,Active
P1976,C10395,Loan,2024-07-07,Active
P1977,C10463,Savings,2024-10-07,Active
P1978,C10324,Loan,2022-03-29,Active
P1979,C10681,Credit Card,2024-12-22,Pending
P1980,C10743,Investment,2022-06-10,Active
P1981,C10213,Investment,2022-07-21,Active
P1982,C10449,Loan,2025-08-23,Active
P1983,C10223,Credit Card,2025-05-21,Closed
P1984,C10010,Investment,2023-06-14,Active
P1985,C10899,Insurance,2024-02-18,Active
P1986,C10003,Investment,2022-03-04,Active
P1987,C10507,Insurance,2022-11-11,Active
P1988,C10632,Investment,2023-06-30,Active
P1989,C10583,Insurance,2024-10-06,Active
P1990,C10927,Credit Card,2024-08-08,Active
P1991,C10504,Investment,2022-11-01,Active
P1992,C10792,Loan,2024-02-18,Active
P1993,C10543,Insurance,2024-04-11,Closed
P1994,C10701,Insurance,2025-10-18,Closed
P1995,C10124,Credit Card,2022-02-01,Active
P1996,C10121,Insurance,2022-07-30,Active
P1997,C10536,Loan,2023-05-13,Active
P1998,C10831,Credit Card,2024-07-13,Active
P1999,C10399,Savings,2024-09-08,Closed
P2000,C10420,Savings,2025-01-17,Pending
